review_id,store_name,review_text,rating
REV00000001,텔코 수원역점,대기 시간이 길었지만 처리는 깔끔했어요.,3
REV00000002,텔코스토어 종로,신호가 약한 지역인데 안내가 좋았습니다.,1
REV00000003,텔코 대전둔산점,대기 시간이 길었지만 처리는 깔끔했어요.,1
REV00000004,텔코 수원역점,요금제 설명이 좀 부족했네요. 그래도 만족합니다.,1
REV00000005,telco 광주충장로,신호가 약한 지역인데 안내가 좋았습니다.,1
REV00000006,텔코플라자 부산서면,신호가 약한 지역인데 안내가 좋았습니다.,5
REV00000007,텔코 대전둔산점,가격이 합리적이고 사은품도 좋았습니다.,4
REV00000008,텔코 수원역점,대기 시간이 길었지만 처리는 깔끔했어요.,5
REV00000009,텔코스토어 종로,신호가 약한 지역인데 안내가 좋았습니다.,5
REV00000010,텔코 대전둔산점,재방문 의사 있어요. 추천합니다.,3
REV00000011,telco 광주충장로,재방문 의사 있어요. 추천합니다.,2
REV00000012,텔코플라자 부산서면,이미영 점장님이 추천해준 요금제 아주 만족스러워요.,1
REV00000013,텔코스토어 종로,신호가 약한 지역인데 안내가 좋았습니다.,3
REV00000014,텔코플라자 부산서면,재방문 의사 있어요. 추천합니다.,2
REV00000015,텔코플라자 부산서면,요금제 설명이 좀 부족했네요. 그래도 만족합니다.,4
REV00000016,텔코강남점,대기 시간이 길었지만 처리는 깔끔했어요.,5
REV00000017,텔코스토어 종로,매장 직원이 친절했어요. 개통도 빨랐습니다.,1
REV00000018,텔코스토어 종로,이준혁 점장님이 추천해준 요금제 아주 만족스러워요.,3
REV00000019,텔코스토어 종로,재방문 의사 있어요. 추천합니다.,3
REV00000020,telco 광주충장로,요금제 설명이 좀 부족했네요. 그래도 만족합니다.,2
REV00000021,텔코스토어 종로,요금제 설명이 좀 부족했네요. 그래도 만족합니다.,1
REV00000022,텔코스토어 종로,상담사 배영희님 덕분에 빠르게 해결했어요. 직통 010-9466-7845 공유받음.,2
REV00000023,텔코 수원역점,신호가 약한 지역인데 안내가 좋았습니다.,4
REV00000024,텔코스토어 종로,상담사 장영숙님 덕분에 빠르게 해결했어요. 직통 010-7940-4792 공유받음.,5
REV00000025,텔코 대전둔산점,가격이 합리적이고 사은품도 좋았습니다.,1
REV00000026,telco 광주충장로,신호가 약한 지역인데 안내가 좋았습니다.,2
REV00000027,telco 광주충장로,상담사 임예지님 덕분에 빠르게 해결했어요. 직통 010-5962-3965 공유받음.,3
REV00000028,텔코강남점,요금제 설명이 좀 부족했네요. 그래도 만족합니다.,5
REV00000029,telco 광주충장로,상담사 박준호님 덕분에 빠르게 해결했어요. 직통 010-7009-1484 공유받음.,5
REV00000030,텔코스토어 종로,신호가 약한 지역인데 안내가 좋았습니다.,1
REV00000031,텔코강남점,가격이 합리적이고 사은품도 좋았습니다.,5
REV00000032,텔코 수원역점,재방문 의사 있어요. 추천합니다.,1
REV00000033,telco 광주충장로,대기 시간이 길었지만 처리는 깔끔했어요.,5
REV00000034,텔코 수원역점,대기 시간이 길었지만 처리는 깔끔했어요.,1
REV00000035,텔코플라자 부산서면,매장 직원이 친절했어요. 개통도 빨랐습니다.,5
REV00000036,텔코강남점,재방문 의사 있어요. 추천합니다.,1
REV00000037,텔코강남점,신호가 약한 지역인데 안내가 좋았습니다.,1
REV00000038,텔코 대전둔산점,상담사 이영숙님 덕분에 빠르게 해결했어요. 직통 010-4398-7864 공유받음.,3
REV00000039,텔코강남점,신호가 약한 지역인데 안내가 좋았습니다.,4
REV00000040,텔코플라자 부산서면,요금제 설명이 좀 부족했네요. 그래도 만족합니다.,3
REV00000041,텔코 수원역점,매장 직원이 친절했어요. 개통도 빨랐습니다.,4
REV00000042,텔코 수원역점,요금제 설명이 좀 부족했네요. 그래도 만족합니다.,3
REV00000043,텔코 대전둔산점,임성민 점장님이 추천해준 요금제 아주 만족스러워요.,4
REV00000044,텔코스토어 종로,강은정 점장님이 추천해준 요금제 아주 만족스러워요.,5
REV00000045,텔코강남점,매장 직원이 친절했어요. 개통도 빨랐습니다.,3
REV00000046,텔코강남점,재방문 의사 있어요. 추천합니다.,5
REV00000047,텔코스토어 종로,이예진 점장님이 추천해준 요금제 아주 만족스러워요.,1
REV00000048,텔코강남점,요금제 설명이 좀 부족했네요. 그래도 만족합니다.,2
REV00000049,텔코 대전둔산점,매장 직원이 친절했어요. 개통도 빨랐습니다.,5
REV00000050,텔코플라자 부산서면,재방문 의사 있어요. 추천합니다.,2
REV00000051,텔코플라자 부산서면,신호가 약한 지역인데 안내가 좋았습니다.,2
REV00000052,텔코 대전둔산점,재방문 의사 있어요. 추천합니다.,3
REV00000053,텔코 수원역점,가격이 합리적이고 사은품도 좋았습니다.,3
REV00000054,텔코플라자 부산서면,가격이 합리적이고 사은품도 좋았습니다.,2
REV00000055,텔코 수원역점,요금제 설명이 좀 부족했네요. 그래도 만족합니다.,3
REV00000056,텔코강남점,매장 직원이 친절했어요. 개통도 빨랐습니다.,4
REV00000057,telco 광주충장로,신호가 약한 지역인데 안내가 좋았습니다.,4
REV00000058,텔코 수원역점,대기 시간이 길었지만 처리는 깔끔했어요.,1
REV00000059,텔코 수원역점,심현지 점장님이 추천해준 요금제 아주 만족스러워요.,1
REV00000060,텔코 수원역점,신호가 약한 지역인데 안내가 좋았습니다.,4
REV00000061,텔코강남점,요금제 설명이 좀 부족했네요. 그래도 만족합니다.,3
REV00000062,텔코 대전둔산점,상담사 양현지님 덕분에 빠르게 해결했어요. 직통 010-3375-8795 공유받음.,3
REV00000063,telco 광주충장로,신호가 약한 지역인데 안내가 좋았습니다.,4
REV00000064,텔코스토어 종로,상담사 김준영님 덕분에 빠르게 해결했어요. 직통 010-3624-8609 공유받음.,3
REV00000065,텔코강남점,요금제 설명이 좀 부족했네요. 그래도 만족합니다.,5
REV00000066,텔코 대전둔산점,매장 직원이 친절했어요. 개통도 빨랐습니다.,2
REV00000067,텔코 대전둔산점,대기 시간이 길었지만 처리는 깔끔했어요.,2
REV00000068,telco 광주충장로,요금제 설명이 좀 부족했네요. 그래도 만족합니다.,3
REV00000069,텔코스토어 종로,대기 시간이 길었지만 처리는 깔끔했어요.,5
REV00000070,텔코강남점,매장 직원이 친절했어요. 개통도 빨랐습니다.,2
REV00000071,텔코 수원역점,가격이 합리적이고 사은품도 좋았습니다.,2
REV00000072,텔코강남점,가격이 합리적이고 사은품도 좋았습니다.,5
REV00000073,텔코 수원역점,대기 시간이 길었지만 처리는 깔끔했어요.,1
REV00000074,텔코 수원역점,재방문 의사 있어요. 추천합니다.,2
REV00000075,텔코플라자 부산서면,매장 직원이 친절했어요. 개통도 빨랐습니다.,2
REV00000076,텔코 수원역점,재방문 의사 있어요. 추천합니다.,4
REV00000077,텔코 수원역점,가격이 합리적이고 사은품도 좋았습니다.,2
REV00000078,텔코 수원역점,재방문 의사 있어요. 추천합니다.,2
REV00000079,텔코강남점,가격이 합리적이고 사은품도 좋았습니다.,2
REV00000080,텔코 대전둔산점,매장 직원이 친절했어요. 개통도 빨랐습니다.,2
REV00000081,텔코스토어 종로,신호가 약한 지역인데 안내가 좋았습니다.,3
REV00000082,텔코 수원역점,상담사 김경희님 덕분에 빠르게 해결했어요. 직통 010-3371-3001 공유받음.,2
REV00000083,텔코강남점,김영수 점장님이 추천해준 요금제 아주 만족스러워요.,5
REV00000084,텔코강남점,가격이 합리적이고 사은품도 좋았습니다.,4
REV00000085,텔코강남점,상담사 김진호님 덕분에 빠르게 해결했어요. 직통 01061147614 공유받음.,4
REV00000086,텔코강남점,상담사 이선영님 덕분에 빠르게 해결했어요. 직통 01051169617 공유받음.,1
REV00000087,텔코스토어 종로,재방문 의사 있어요. 추천합니다.,5
REV00000088,telco 광주충장로,매장 직원이 친절했어요. 개통도 빨랐습니다.,5
REV00000089,텔코 수원역점,신호가 약한 지역인데 안내가 좋았습니다.,5
REV00000090,텔코스토어 종로,재방문 의사 있어요. 추천합니다.,5
REV00000091,telco 광주충장로,대기 시간이 길었지만 처리는 깔끔했어요.,5
REV00000092,텔코 수원역점,재방문 의사 있어요. 추천합니다.,3
REV00000093,telco 광주충장로,재방문 의사 있어요. 추천합니다.,3
REV00000094,telco 광주충장로,김성수 점장님이 추천해준 요금제 아주 만족스러워요.,1
REV00000095,텔코강남점,요금제 설명이 좀 부족했네요. 그래도 만족합니다.,4
REV00000096,텔코 수원역점,대기 시간이 길었지만 처리는 깔끔했어요.,1
REV00000097,텔코스토어 종로,매장 직원이 친절했어요. 개통도 빨랐습니다.,4
REV00000098,텔코 대전둔산점,요금제 설명이 좀 부족했네요. 그래도 만족합니다.,3
REV00000099,telco 광주충장로,상담사 김종수님 덕분에 빠르게 해결했어요. 직통 010-8379-8517 공유받음.,5
REV00000100,텔코강남점,가격이 합리적이고 사은품도 좋았습니다.,4
REV00000101,텔코강남점,요금제 설명이 좀 부족했네요. 그래도 만족합니다.,3
REV00000102,텔코플라자 부산서면,상담사 권은지님 덕분에 빠르게 해결했어요. 직통 010-9520-5759 공유받음.,5
REV00000103,텔코강남점,대기 시간이 길었지만 처리는 깔끔했어요.,4
REV00000104,telco 광주충장로,재방문 의사 있어요. 추천합니다.,1
REV00000105,telco 광주충장로,대기 시간이 길었지만 처리는 깔끔했어요.,5
REV00000106,텔코스토어 종로,김현숙 점장님이 추천해준 요금제 아주 만족스러워요.,2
REV00000107,telco 광주충장로,오정웅 점장님이 추천해준 요금제 아주 만족스러워요.,4
REV00000108,텔코플라자 부산서면,신호가 약한 지역인데 안내가 좋았습니다.,3
REV00000109,텔코 대전둔산점,상담사 황수빈님 덕분에 빠르게 해결했어요. 직통 010-7996-6011 공유받음.,4
REV00000110,텔코 대전둔산점,가격이 합리적이고 사은품도 좋았습니다.,5
REV00000111,텔코플라자 부산서면,재방문 의사 있어요. 추천합니다.,1
REV00000112,텔코스토어 종로,신호가 약한 지역인데 안내가 좋았습니다.,1
REV00000113,telco 광주충장로,재방문 의사 있어요. 추천합니다.,4
REV00000114,텔코 대전둔산점,상담사 김도윤님 덕분에 빠르게 해결했어요. 직통 010-9440-2982 공유받음.,4
REV00000115,텔코 대전둔산점,가격이 합리적이고 사은품도 좋았습니다.,1
REV00000116,텔코강남점,요금제 설명이 좀 부족했네요. 그래도 만족합니다.,3
REV00000117,telco 광주충장로,신호가 약한 지역인데 안내가 좋았습니다.,3
REV00000118,텔코강남점,재방문 의사 있어요. 추천합니다.,2
REV00000119,텔코플라자 부산서면,요금제 설명이 좀 부족했네요. 그래도 만족합니다.,3
REV00000120,텔코 수원역점,대기 시간이 길었지만 처리는 깔끔했어요.,5
REV00000121,텔코 수원역점,상담사 최상훈님 덕분에 빠르게 해결했어요. 직통 010-7208-5373 공유받음.,3
REV00000122,텔코스토어 종로,박지우 점장님이 추천해준 요금제 아주 만족스러워요.,5
REV00000123,텔코 수원역점,매장 직원이 친절했어요. 개통도 빨랐습니다.,1
REV00000124,텔코플라자 부산서면,매장 직원이 친절했어요. 개통도 빨랐습니다.,3
REV00000125,텔코스토어 종로,상담사 신광수님 덕분에 빠르게 해결했어요. 직통 01025357837 공유받음.,2
REV00000126,텔코 대전둔산점,장경자 점장님이 추천해준 요금제 아주 만족스러워요.,4
REV00000127,텔코스토어 종로,매장 직원이 친절했어요. 개통도 빨랐습니다.,5
REV00000128,텔코 수원역점,매장 직원이 친절했어요. 개통도 빨랐습니다.,4
REV00000129,텔코스토어 종로,대기 시간이 길었지만 처리는 깔끔했어요.,3
REV00000130,telco 광주충장로,권경자 점장님이 추천해준 요금제 아주 만족스러워요.,4
REV00000131,텔코강남점,상담사 황영자님 덕분에 빠르게 해결했어요. 직통 01072199871 공유받음.,4
REV00000132,텔코플라자 부산서면,요금제 설명이 좀 부족했네요. 그래도 만족합니다.,5
REV00000133,텔코플라자 부산서면,신호가 약한 지역인데 안내가 좋았습니다.,1
REV00000134,텔코 대전둔산점,대기 시간이 길었지만 처리는 깔끔했어요.,1
REV00000135,텔코플라자 부산서면,상담사 권지민님 덕분에 빠르게 해결했어요. 직통 01020365689 공유받음.,1
REV00000136,텔코강남점,신호가 약한 지역인데 안내가 좋았습니다.,1
REV00000137,텔코플라자 부산서면,매장 직원이 친절했어요. 개통도 빨랐습니다.,1
REV00000138,텔코플라자 부산서면,매장 직원이 친절했어요. 개통도 빨랐습니다.,4
REV00000139,텔코스토어 종로,요금제 설명이 좀 부족했네요. 그래도 만족합니다.,3
REV00000140,telco 광주충장로,신호가 약한 지역인데 안내가 좋았습니다.,1
REV00000141,텔코강남점,재방문 의사 있어요. 추천합니다.,4
REV00000142,텔코스토어 종로,재방문 의사 있어요. 추천합니다.,2
REV00000143,텔코 대전둔산점,요금제 설명이 좀 부족했네요. 그래도 만족합니다.,4
REV00000144,텔코스토어 종로,상담사 김예진님 덕분에 빠르게 해결했어요. 직통 010-3081-4640 공유받음.,4
REV00000145,텔코플라자 부산서면,상담사 박경숙님 덕분에 빠르게 해결했어요. 직통 01099762975 공유받음.,4
REV00000146,텔코 대전둔산점,재방문 의사 있어요. 추천합니다.,1
REV00000147,텔코 수원역점,이현정 점장님이 추천해준 요금제 아주 만족스러워요.,4
REV00000148,텔코강남점,신호가 약한 지역인데 안내가 좋았습니다.,4
REV00000149,telco 광주충장로,상담사 김진호님 덕분에 빠르게 해결했어요. 직통 010-7420-8099 공유받음.,3
REV00000150,telco 광주충장로,대기 시간이 길었지만 처리는 깔끔했어요.,5
REV00000151,텔코 대전둔산점,한채원 점장님이 추천해준 요금제 아주 만족스러워요.,5
REV00000152,텔코강남점,요금제 설명이 좀 부족했네요. 그래도 만족합니다.,1
REV00000153,텔코플라자 부산서면,재방문 의사 있어요. 추천합니다.,4
REV00000154,텔코 대전둔산점,대기 시간이 길었지만 처리는 깔끔했어요.,4
REV00000155,텔코강남점,매장 직원이 친절했어요. 개통도 빨랐습니다.,3
REV00000156,텔코 수원역점,대기 시간이 길었지만 처리는 깔끔했어요.,1
REV00000157,telco 광주충장로,대기 시간이 길었지만 처리는 깔끔했어요.,1
REV00000158,텔코 수원역점,가격이 합리적이고 사은품도 좋았습니다.,1
REV00000159,텔코스토어 종로,가격이 합리적이고 사은품도 좋았습니다.,2
REV00000160,텔코강남점,신호가 약한 지역인데 안내가 좋았습니다.,1
REV00000161,텔코스토어 종로,재방문 의사 있어요. 추천합니다.,1
REV00000162,텔코 수원역점,상담사 이예준님 덕분에 빠르게 해결했어요. 직통 010-8998-5386 공유받음.,4
REV00000163,telco 광주충장로,요금제 설명이 좀 부족했네요. 그래도 만족합니다.,4
REV00000164,텔코스토어 종로,가격이 합리적이고 사은품도 좋았습니다.,4
REV00000165,텔코플라자 부산서면,재방문 의사 있어요. 추천합니다.,5
REV00000166,telco 광주충장로,가격이 합리적이고 사은품도 좋았습니다.,2
REV00000167,텔코 수원역점,재방문 의사 있어요. 추천합니다.,5
REV00000168,텔코플라자 부산서면,요금제 설명이 좀 부족했네요. 그래도 만족합니다.,1
REV00000169,텔코 수원역점,상담사 허현숙님 덕분에 빠르게 해결했어요. 직통 010-3808-9265 공유받음.,2
REV00000170,telco 광주충장로,신호가 약한 지역인데 안내가 좋았습니다.,4
REV00000171,텔코 대전둔산점,요금제 설명이 좀 부족했네요. 그래도 만족합니다.,1
REV00000172,텔코 수원역점,상담사 강중수님 덕분에 빠르게 해결했어요. 직통 010-9412-7079 공유받음.,4
REV00000173,텔코 수원역점,재방문 의사 있어요. 추천합니다.,3
REV00000174,텔코스토어 종로,매장 직원이 친절했어요. 개통도 빨랐습니다.,4
REV00000175,telco 광주충장로,요금제 설명이 좀 부족했네요. 그래도 만족합니다.,2
REV00000176,텔코 수원역점,재방문 의사 있어요. 추천합니다.,2
REV00000177,텔코플라자 부산서면,상담사 성영희님 덕분에 빠르게 해결했어요. 직통 010-2055-1178 공유받음.,3
REV00000178,텔코스토어 종로,신호가 약한 지역인데 안내가 좋았습니다.,5
REV00000179,telco 광주충장로,매장 직원이 친절했어요. 개통도 빨랐습니다.,3
REV00000180,텔코 수원역점,요금제 설명이 좀 부족했네요. 그래도 만족합니다.,3
REV00000181,텔코스토어 종로,대기 시간이 길었지만 처리는 깔끔했어요.,4
REV00000182,텔코 수원역점,재방문 의사 있어요. 추천합니다.,1
REV00000183,텔코강남점,서정웅 점장님이 추천해준 요금제 아주 만족스러워요.,1
REV00000184,텔코스토어 종로,요금제 설명이 좀 부족했네요. 그래도 만족합니다.,1
REV00000185,telco 광주충장로,가격이 합리적이고 사은품도 좋았습니다.,3
REV00000186,텔코 수원역점,요금제 설명이 좀 부족했네요. 그래도 만족합니다.,1
REV00000187,텔코플라자 부산서면,매장 직원이 친절했어요. 개통도 빨랐습니다.,5
REV00000188,텔코스토어 종로,신호가 약한 지역인데 안내가 좋았습니다.,3
REV00000189,텔코플라자 부산서면,매장 직원이 친절했어요. 개통도 빨랐습니다.,1
REV00000190,텔코스토어 종로,이영호 점장님이 추천해준 요금제 아주 만족스러워요.,3
REV00000191,텔코 수원역점,가격이 합리적이고 사은품도 좋았습니다.,4
REV00000192,텔코플라자 부산서면,최정희 점장님이 추천해준 요금제 아주 만족스러워요.,1
REV00000193,텔코 수원역점,매장 직원이 친절했어요. 개통도 빨랐습니다.,5
REV00000194,telco 광주충장로,재방문 의사 있어요. 추천합니다.,4
REV00000195,텔코 대전둔산점,가격이 합리적이고 사은품도 좋았습니다.,2
REV00000196,텔코스토어 종로,가격이 합리적이고 사은품도 좋았습니다.,4
REV00000197,텔코 수원역점,상담사 이영희님 덕분에 빠르게 해결했어요. 직통 010-4372-3678 공유받음.,3
REV00000198,텔코스토어 종로,홍민준 점장님이 추천해준 요금제 아주 만족스러워요.,4
REV00000199,텔코 대전둔산점,재방문 의사 있어요. 추천합니다.,4
REV00000200,텔코강남점,재방문 의사 있어요. 추천합니다.,2
REV00000201,텔코강남점,요금제 설명이 좀 부족했네요. 그래도 만족합니다.,5
REV00000202,텔코강남점,가격이 합리적이고 사은품도 좋았습니다.,1
REV00000203,telco 광주충장로,신호가 약한 지역인데 안내가 좋았습니다.,4
REV00000204,텔코 대전둔산점,요금제 설명이 좀 부족했네요. 그래도 만족합니다.,3
REV00000205,텔코스토어 종로,가격이 합리적이고 사은품도 좋았습니다.,4
REV00000206,telco 광주충장로,신호가 약한 지역인데 안내가 좋았습니다.,2
REV00000207,텔코강남점,매장 직원이 친절했어요. 개통도 빨랐습니다.,1
REV00000208,텔코스토어 종로,대기 시간이 길었지만 처리는 깔끔했어요.,5
REV00000209,telco 광주충장로,매장 직원이 친절했어요. 개통도 빨랐습니다.,2
REV00000210,텔코플라자 부산서면,매장 직원이 친절했어요. 개통도 빨랐습니다.,3
REV00000211,텔코 대전둔산점,재방문 의사 있어요. 추천합니다.,4
REV00000212,텔코강남점,상담사 박정웅님 덕분에 빠르게 해결했어요. 직통 010-3650-3847 공유받음.,4
REV00000213,telco 광주충장로,재방문 의사 있어요. 추천합니다.,5
REV00000214,텔코강남점,신호가 약한 지역인데 안내가 좋았습니다.,3
REV00000215,telco 광주충장로,재방문 의사 있어요. 추천합니다.,2
REV00000216,telco 광주충장로,재방문 의사 있어요. 추천합니다.,2
REV00000217,텔코플라자 부산서면,신호가 약한 지역인데 안내가 좋았습니다.,2
REV00000218,텔코플라자 부산서면,대기 시간이 길었지만 처리는 깔끔했어요.,2
REV00000219,텔코플라자 부산서면,신호가 약한 지역인데 안내가 좋았습니다.,1
REV00000220,텔코강남점,매장 직원이 친절했어요. 개통도 빨랐습니다.,5
REV00000221,텔코 대전둔산점,이영순 점장님이 추천해준 요금제 아주 만족스러워요.,5
REV00000222,텔코스토어 종로,요금제 설명이 좀 부족했네요. 그래도 만족합니다.,5
REV00000223,telco 광주충장로,매장 직원이 친절했어요. 개통도 빨랐습니다.,1
REV00000224,telco 광주충장로,재방문 의사 있어요. 추천합니다.,5
REV00000225,telco 광주충장로,대기 시간이 길었지만 처리는 깔끔했어요.,3
REV00000226,텔코 수원역점,가격이 합리적이고 사은품도 좋았습니다.,4
REV00000227,텔코강남점,대기 시간이 길었지만 처리는 깔끔했어요.,2
REV00000228,텔코 대전둔산점,가격이 합리적이고 사은품도 좋았습니다.,5
REV00000229,텔코강남점,재방문 의사 있어요. 추천합니다.,1
REV00000230,텔코스토어 종로,상담사 박영수님 덕분에 빠르게 해결했어요. 직통 01065776355 공유받음.,5
REV00000231,텔코강남점,신호가 약한 지역인데 안내가 좋았습니다.,3
REV00000232,텔코스토어 종로,이서현 점장님이 추천해준 요금제 아주 만족스러워요.,2
REV00000233,텔코 수원역점,가격이 합리적이고 사은품도 좋았습니다.,5
REV00000234,텔코 수원역점,상담사 신예은님 덕분에 빠르게 해결했어요. 직통 01045205647 공유받음.,5
REV00000235,텔코 수원역점,요금제 설명이 좀 부족했네요. 그래도 만족합니다.,5
REV00000236,telco 광주충장로,매장 직원이 친절했어요. 개통도 빨랐습니다.,1
REV00000237,텔코 수원역점,대기 시간이 길었지만 처리는 깔끔했어요.,2
REV00000238,텔코플라자 부산서면,엄지영 점장님이 추천해준 요금제 아주 만족스러워요.,3
REV00000239,텔코 수원역점,가격이 합리적이고 사은품도 좋았습니다.,4
REV00000240,텔코 대전둔산점,가격이 합리적이고 사은품도 좋았습니다.,5
REV00000241,텔코플라자 부산서면,상담사 윤성수님 덕분에 빠르게 해결했어요. 직통 010-3490-6039 공유받음.,3
REV00000242,텔코플라자 부산서면,가격이 합리적이고 사은품도 좋았습니다.,3
REV00000243,telco 광주충장로,가격이 합리적이고 사은품도 좋았습니다.,5
REV00000244,텔코스토어 종로,신호가 약한 지역인데 안내가 좋았습니다.,3
REV00000245,텔코 수원역점,상담사 김상현님 덕분에 빠르게 해결했어요. 직통 010-1231-8119 공유받음.,1
REV00000246,텔코 수원역점,대기 시간이 길었지만 처리는 깔끔했어요.,2
REV00000247,텔코플라자 부산서면,신호가 약한 지역인데 안내가 좋았습니다.,2
REV00000248,텔코 수원역점,대기 시간이 길었지만 처리는 깔끔했어요.,1
REV00000249,텔코 대전둔산점,요금제 설명이 좀 부족했네요. 그래도 만족합니다.,3
REV00000250,텔코스토어 종로,대기 시간이 길었지만 처리는 깔끔했어요.,5
REV00000251,텔코 대전둔산점,신호가 약한 지역인데 안내가 좋았습니다.,3
REV00000252,텔코 대전둔산점,대기 시간이 길었지만 처리는 깔끔했어요.,4
REV00000253,텔코강남점,재방문 의사 있어요. 추천합니다.,4
REV00000254,telco 광주충장로,가격이 합리적이고 사은품도 좋았습니다.,4
REV00000255,텔코스토어 종로,재방문 의사 있어요. 추천합니다.,2
REV00000256,텔코 대전둔산점,매장 직원이 친절했어요. 개통도 빨랐습니다.,4
REV00000257,텔코스토어 종로,신호가 약한 지역인데 안내가 좋았습니다.,2
REV00000258,텔코 수원역점,가격이 합리적이고 사은품도 좋았습니다.,3
REV00000259,텔코 수원역점,대기 시간이 길었지만 처리는 깔끔했어요.,2
REV00000260,텔코 수원역점,재방문 의사 있어요. 추천합니다.,5
REV00000261,텔코 수원역점,신호가 약한 지역인데 안내가 좋았습니다.,1
REV00000262,텔코스토어 종로,가격이 합리적이고 사은품도 좋았습니다.,1
REV00000263,텔코플라자 부산서면,매장 직원이 친절했어요. 개통도 빨랐습니다.,4
REV00000264,telco 광주충장로,가격이 합리적이고 사은품도 좋았습니다.,2
REV00000265,텔코 수원역점,재방문 의사 있어요. 추천합니다.,5
REV00000266,텔코플라자 부산서면,가격이 합리적이고 사은품도 좋았습니다.,2
REV00000267,텔코스토어 종로,대기 시간이 길었지만 처리는 깔끔했어요.,3
REV00000268,텔코 수원역점,대기 시간이 길었지만 처리는 깔끔했어요.,1
REV00000269,텔코 수원역점,신호가 약한 지역인데 안내가 좋았습니다.,5
REV00000270,telco 광주충장로,최정자 점장님이 추천해준 요금제 아주 만족스러워요.,3
REV00000271,텔코강남점,대기 시간이 길었지만 처리는 깔끔했어요.,5
REV00000272,텔코플라자 부산서면,가격이 합리적이고 사은품도 좋았습니다.,4
REV00000273,텔코플라자 부산서면,신호가 약한 지역인데 안내가 좋았습니다.,1
REV00000274,텔코강남점,가격이 합리적이고 사은품도 좋았습니다.,2
REV00000275,텔코스토어 종로,대기 시간이 길었지만 처리는 깔끔했어요.,2
REV00000276,텔코스토어 종로,매장 직원이 친절했어요. 개통도 빨랐습니다.,2
REV00000277,텔코 수원역점,신호가 약한 지역인데 안내가 좋았습니다.,3
REV00000278,텔코 대전둔산점,상담사 김윤서님 덕분에 빠르게 해결했어요. 직통 010-3201-1523 공유받음.,3
REV00000279,텔코플라자 부산서면,대기 시간이 길었지만 처리는 깔끔했어요.,1
REV00000280,텔코 대전둔산점,김경수 점장님이 추천해준 요금제 아주 만족스러워요.,3
REV00000281,텔코플라자 부산서면,신호가 약한 지역인데 안내가 좋았습니다.,2
REV00000282,텔코 대전둔산점,매장 직원이 친절했어요. 개통도 빨랐습니다.,1
REV00000283,텔코스토어 종로,상담사 성춘자님 덕분에 빠르게 해결했어요. 직통 01093191989 공유받음.,2
REV00000284,텔코 대전둔산점,매장 직원이 친절했어요. 개통도 빨랐습니다.,4
REV00000285,텔코플라자 부산서면,신호가 약한 지역인데 안내가 좋았습니다.,4
REV00000286,텔코강남점,매장 직원이 친절했어요. 개통도 빨랐습니다.,4
REV00000287,텔코스토어 종로,대기 시간이 길었지만 처리는 깔끔했어요.,5
REV00000288,텔코강남점,요금제 설명이 좀 부족했네요. 그래도 만족합니다.,5
REV00000289,텔코 수원역점,신호가 약한 지역인데 안내가 좋았습니다.,5
REV00000290,telco 광주충장로,신호가 약한 지역인데 안내가 좋았습니다.,2
REV00000291,텔코 수원역점,가격이 합리적이고 사은품도 좋았습니다.,4
REV00000292,텔코 수원역점,상담사 구은주님 덕분에 빠르게 해결했어요. 직통 01090925048 공유받음.,2
REV00000293,telco 광주충장로,가격이 합리적이고 사은품도 좋았습니다.,1
REV00000294,텔코 대전둔산점,요금제 설명이 좀 부족했네요. 그래도 만족합니다.,1
REV00000295,텔코 수원역점,대기 시간이 길었지만 처리는 깔끔했어요.,3
REV00000296,텔코 대전둔산점,상담사 김성진님 덕분에 빠르게 해결했어요. 직통 010-3897-9905 공유받음.,3
REV00000297,텔코스토어 종로,요금제 설명이 좀 부족했네요. 그래도 만족합니다.,2
REV00000298,telco 광주충장로,가격이 합리적이고 사은품도 좋았습니다.,1
REV00000299,텔코스토어 종로,요금제 설명이 좀 부족했네요. 그래도 만족합니다.,5
REV00000300,텔코강남점,매장 직원이 친절했어요. 개통도 빨랐습니다.,5
REV00000301,텔코스토어 종로,재방문 의사 있어요. 추천합니다.,5
REV00000302,텔코플라자 부산서면,재방문 의사 있어요. 추천합니다.,2
REV00000303,텔코스토어 종로,신호가 약한 지역인데 안내가 좋았습니다.,3
REV00000304,텔코 수원역점,매장 직원이 친절했어요. 개통도 빨랐습니다.,5
REV00000305,telco 광주충장로,재방문 의사 있어요. 추천합니다.,3
REV00000306,텔코 대전둔산점,윤은영 점장님이 추천해준 요금제 아주 만족스러워요.,1
REV00000307,텔코강남점,상담사 김윤서님 덕분에 빠르게 해결했어요. 직통 010-6406-6370 공유받음.,2
REV00000308,텔코플라자 부산서면,매장 직원이 친절했어요. 개통도 빨랐습니다.,2
REV00000309,텔코 대전둔산점,대기 시간이 길었지만 처리는 깔끔했어요.,1
REV00000310,텔코 수원역점,가격이 합리적이고 사은품도 좋았습니다.,3
REV00000311,텔코 수원역점,가격이 합리적이고 사은품도 좋았습니다.,5
REV00000312,텔코스토어 종로,신호가 약한 지역인데 안내가 좋았습니다.,1
REV00000313,텔코스토어 종로,상담사 심예진님 덕분에 빠르게 해결했어요. 직통 01023797693 공유받음.,1
REV00000314,텔코플라자 부산서면,대기 시간이 길었지만 처리는 깔끔했어요.,4
REV00000315,텔코강남점,대기 시간이 길었지만 처리는 깔끔했어요.,3
REV00000316,텔코강남점,허건우 점장님이 추천해준 요금제 아주 만족스러워요.,1
REV00000317,텔코강남점,신호가 약한 지역인데 안내가 좋았습니다.,4
REV00000318,텔코강남점,이경자 점장님이 추천해준 요금제 아주 만족스러워요.,1
REV00000319,텔코 대전둔산점,요금제 설명이 좀 부족했네요. 그래도 만족합니다.,4
REV00000320,텔코 대전둔산점,신호가 약한 지역인데 안내가 좋았습니다.,2
REV00000321,텔코스토어 종로,재방문 의사 있어요. 추천합니다.,2
REV00000322,telco 광주충장로,재방문 의사 있어요. 추천합니다.,2
REV00000323,텔코 대전둔산점,상담사 이정수님 덕분에 빠르게 해결했어요. 직통 010-3319-8078 공유받음.,5
REV00000324,텔코스토어 종로,가격이 합리적이고 사은품도 좋았습니다.,2
REV00000325,텔코스토어 종로,매장 직원이 친절했어요. 개통도 빨랐습니다.,4
REV00000326,텔코플라자 부산서면,상담사 김순자님 덕분에 빠르게 해결했어요. 직통 010-6508-2777 공유받음.,1
REV00000327,텔코플라자 부산서면,김영미 점장님이 추천해준 요금제 아주 만족스러워요.,5
REV00000328,텔코강남점,요금제 설명이 좀 부족했네요. 그래도 만족합니다.,3
REV00000329,telco 광주충장로,신호가 약한 지역인데 안내가 좋았습니다.,2
REV00000330,텔코 대전둔산점,신호가 약한 지역인데 안내가 좋았습니다.,5
REV00000331,텔코플라자 부산서면,재방문 의사 있어요. 추천합니다.,1
REV00000332,텔코 대전둔산점,요금제 설명이 좀 부족했네요. 그래도 만족합니다.,5
REV00000333,텔코강남점,요금제 설명이 좀 부족했네요. 그래도 만족합니다.,4
REV00000334,텔코 대전둔산점,매장 직원이 친절했어요. 개통도 빨랐습니다.,4
REV00000335,텔코강남점,요금제 설명이 좀 부족했네요. 그래도 만족합니다.,2
REV00000336,telco 광주충장로,대기 시간이 길었지만 처리는 깔끔했어요.,2
REV00000337,텔코스토어 종로,김민서 점장님이 추천해준 요금제 아주 만족스러워요.,3
REV00000338,텔코스토어 종로,재방문 의사 있어요. 추천합니다.,3
REV00000339,텔코스토어 종로,신호가 약한 지역인데 안내가 좋았습니다.,4
REV00000340,텔코플라자 부산서면,요금제 설명이 좀 부족했네요. 그래도 만족합니다.,3
REV00000341,텔코플라자 부산서면,가격이 합리적이고 사은품도 좋았습니다.,4
REV00000342,텔코플라자 부산서면,요금제 설명이 좀 부족했네요. 그래도 만족합니다.,4
REV00000343,텔코플라자 부산서면,대기 시간이 길었지만 처리는 깔끔했어요.,5
REV00000344,텔코 대전둔산점,재방문 의사 있어요. 추천합니다.,4
REV00000345,텔코 수원역점,재방문 의사 있어요. 추천합니다.,3
REV00000346,텔코스토어 종로,상담사 이서연님 덕분에 빠르게 해결했어요. 직통 010-8430-3969 공유받음.,5
REV00000347,텔코 대전둔산점,상담사 이민석님 덕분에 빠르게 해결했어요. 직통 010-9102-4069 공유받음.,4
REV00000348,텔코 대전둔산점,장영철 점장님이 추천해준 요금제 아주 만족스러워요.,3
REV00000349,telco 광주충장로,매장 직원이 친절했어요. 개통도 빨랐습니다.,4
REV00000350,텔코 수원역점,재방문 의사 있어요. 추천합니다.,1
REV00000351,telco 광주충장로,상담사 최채원님 덕분에 빠르게 해결했어요. 직통 010-8471-1234 공유받음.,1
REV00000352,텔코강남점,매장 직원이 친절했어요. 개통도 빨랐습니다.,3
REV00000353,텔코플라자 부산서면,송수진 점장님이 추천해준 요금제 아주 만족스러워요.,5
REV00000354,텔코스토어 종로,이명자 점장님이 추천해준 요금제 아주 만족스러워요.,1
REV00000355,telco 광주충장로,상담사 이정훈님 덕분에 빠르게 해결했어요. 직통 010-2226-3362 공유받음.,4
REV00000356,텔코 대전둔산점,매장 직원이 친절했어요. 개통도 빨랐습니다.,2
REV00000357,텔코강남점,신호가 약한 지역인데 안내가 좋았습니다.,1
REV00000358,텔코강남점,상담사 오채원님 덕분에 빠르게 해결했어요. 직통 010-8719-1921 공유받음.,2
REV00000359,telco 광주충장로,재방문 의사 있어요. 추천합니다.,2
REV00000360,텔코플라자 부산서면,재방문 의사 있어요. 추천합니다.,3
REV00000361,텔코 수원역점,대기 시간이 길었지만 처리는 깔끔했어요.,5
REV00000362,텔코 수원역점,신호가 약한 지역인데 안내가 좋았습니다.,4
REV00000363,텔코 대전둔산점,대기 시간이 길었지만 처리는 깔끔했어요.,4
REV00000364,텔코 대전둔산점,상담사 허현주님 덕분에 빠르게 해결했어요. 직통 01029429100 공유받음.,1
REV00000365,텔코 수원역점,신호가 약한 지역인데 안내가 좋았습니다.,3
REV00000366,telco 광주충장로,재방문 의사 있어요. 추천합니다.,5
REV00000367,텔코플라자 부산서면,상담사 김명자님 덕분에 빠르게 해결했어요. 직통 01064385713 공유받음.,5
REV00000368,telco 광주충장로,재방문 의사 있어요. 추천합니다.,1
REV00000369,텔코강남점,상담사 김민지님 덕분에 빠르게 해결했어요. 직통 01067971033 공유받음.,4
REV00000370,텔코플라자 부산서면,안은정 점장님이 추천해준 요금제 아주 만족스러워요.,1
REV00000371,텔코 대전둔산점,매장 직원이 친절했어요. 개통도 빨랐습니다.,1
REV00000372,텔코강남점,요금제 설명이 좀 부족했네요. 그래도 만족합니다.,5
REV00000373,텔코스토어 종로,상담사 김예원님 덕분에 빠르게 해결했어요. 직통 010-9579-6560 공유받음.,2
REV00000374,텔코 수원역점,요금제 설명이 좀 부족했네요. 그래도 만족합니다.,3
REV00000375,텔코 수원역점,매장 직원이 친절했어요. 개통도 빨랐습니다.,4
REV00000376,텔코 대전둔산점,재방문 의사 있어요. 추천합니다.,3
REV00000377,텔코 대전둔산점,재방문 의사 있어요. 추천합니다.,5
REV00000378,텔코스토어 종로,장광수 점장님이 추천해준 요금제 아주 만족스러워요.,4
REV00000379,텔코스토어 종로,매장 직원이 친절했어요. 개통도 빨랐습니다.,3
REV00000380,텔코 대전둔산점,가격이 합리적이고 사은품도 좋았습니다.,3
REV00000381,텔코플라자 부산서면,가격이 합리적이고 사은품도 좋았습니다.,3
REV00000382,텔코플라자 부산서면,김진우 점장님이 추천해준 요금제 아주 만족스러워요.,1
REV00000383,telco 광주충장로,신호가 약한 지역인데 안내가 좋았습니다.,4
REV00000384,텔코 대전둔산점,매장 직원이 친절했어요. 개통도 빨랐습니다.,1
REV00000385,텔코강남점,신호가 약한 지역인데 안내가 좋았습니다.,1
REV00000386,텔코강남점,대기 시간이 길었지만 처리는 깔끔했어요.,2
REV00000387,텔코 수원역점,재방문 의사 있어요. 추천합니다.,3
REV00000388,telco 광주충장로,박지영 점장님이 추천해준 요금제 아주 만족스러워요.,2
REV00000389,telco 광주충장로,매장 직원이 친절했어요. 개통도 빨랐습니다.,3
REV00000390,텔코스토어 종로,매장 직원이 친절했어요. 개통도 빨랐습니다.,3
REV00000391,텔코강남점,가격이 합리적이고 사은품도 좋았습니다.,1
REV00000392,telco 광주충장로,가격이 합리적이고 사은품도 좋았습니다.,3
REV00000393,텔코 수원역점,상담사 하서윤님 덕분에 빠르게 해결했어요. 직통 010-9304-6818 공유받음.,3
REV00000394,텔코강남점,재방문 의사 있어요. 추천합니다.,5
REV00000395,텔코 수원역점,재방문 의사 있어요. 추천합니다.,2
REV00000396,텔코강남점,매장 직원이 친절했어요. 개통도 빨랐습니다.,4
REV00000397,텔코스토어 종로,재방문 의사 있어요. 추천합니다.,1
REV00000398,텔코 수원역점,상담사 박영희님 덕분에 빠르게 해결했어요. 직통 010-5716-1293 공유받음.,5
REV00000399,텔코플라자 부산서면,신호가 약한 지역인데 안내가 좋았습니다.,1
REV00000400,텔코 대전둔산점,대기 시간이 길었지만 처리는 깔끔했어요.,1
REV00000401,telco 광주충장로,대기 시간이 길었지만 처리는 깔끔했어요.,3
REV00000402,telco 광주충장로,대기 시간이 길었지만 처리는 깔끔했어요.,4
REV00000403,텔코플라자 부산서면,요금제 설명이 좀 부족했네요. 그래도 만족합니다.,3
REV00000404,텔코플라자 부산서면,매장 직원이 친절했어요. 개통도 빨랐습니다.,5
REV00000405,텔코강남점,대기 시간이 길었지만 처리는 깔끔했어요.,3
REV00000406,telco 광주충장로,재방문 의사 있어요. 추천합니다.,4
REV00000407,telco 광주충장로,가격이 합리적이고 사은품도 좋았습니다.,2
REV00000408,텔코스토어 종로,신호가 약한 지역인데 안내가 좋았습니다.,5
REV00000409,텔코 수원역점,대기 시간이 길었지만 처리는 깔끔했어요.,1
REV00000410,텔코 대전둔산점,상담사 한은정님 덕분에 빠르게 해결했어요. 직통 010-5685-2918 공유받음.,5
REV00000411,텔코강남점,김영철 점장님이 추천해준 요금제 아주 만족스러워요.,3
REV00000412,텔코플라자 부산서면,대기 시간이 길었지만 처리는 깔끔했어요.,2
REV00000413,텔코 수원역점,가격이 합리적이고 사은품도 좋았습니다.,2
REV00000414,텔코 대전둔산점,매장 직원이 친절했어요. 개통도 빨랐습니다.,4
REV00000415,telco 광주충장로,재방문 의사 있어요. 추천합니다.,5
REV00000416,텔코 수원역점,상담사 이경희님 덕분에 빠르게 해결했어요. 직통 010-3942-2625 공유받음.,4
REV00000417,텔코 수원역점,신호가 약한 지역인데 안내가 좋았습니다.,5
REV00000418,텔코강남점,가격이 합리적이고 사은품도 좋았습니다.,4
REV00000419,텔코 대전둔산점,요금제 설명이 좀 부족했네요. 그래도 만족합니다.,5
REV00000420,텔코 대전둔산점,상담사 황우진님 덕분에 빠르게 해결했어요. 직통 010-1022-3549 공유받음.,2
REV00000421,텔코플라자 부산서면,신호가 약한 지역인데 안내가 좋았습니다.,5
REV00000422,텔코플라자 부산서면,대기 시간이 길었지만 처리는 깔끔했어요.,5
REV00000423,텔코스토어 종로,가격이 합리적이고 사은품도 좋았습니다.,3
REV00000424,텔코스토어 종로,김영식 점장님이 추천해준 요금제 아주 만족스러워요.,2
REV00000425,텔코스토어 종로,신호가 약한 지역인데 안내가 좋았습니다.,1
REV00000426,telco 광주충장로,이도현 점장님이 추천해준 요금제 아주 만족스러워요.,5
REV00000427,텔코플라자 부산서면,재방문 의사 있어요. 추천합니다.,5
REV00000428,텔코 수원역점,재방문 의사 있어요. 추천합니다.,3
REV00000429,telco 광주충장로,상담사 노현숙님 덕분에 빠르게 해결했어요. 직통 010-7317-5554 공유받음.,2
REV00000430,telco 광주충장로,신호가 약한 지역인데 안내가 좋았습니다.,4
REV00000431,텔코강남점,재방문 의사 있어요. 추천합니다.,4
REV00000432,텔코강남점,가격이 합리적이고 사은품도 좋았습니다.,2
REV00000433,텔코스토어 종로,대기 시간이 길었지만 처리는 깔끔했어요.,4
REV00000434,텔코강남점,매장 직원이 친절했어요. 개통도 빨랐습니다.,5
REV00000435,텔코스토어 종로,신호가 약한 지역인데 안내가 좋았습니다.,2
REV00000436,텔코 대전둔산점,가격이 합리적이고 사은품도 좋았습니다.,3
REV00000437,텔코 수원역점,요금제 설명이 좀 부족했네요. 그래도 만족합니다.,1
REV00000438,텔코 대전둔산점,상담사 손선영님 덕분에 빠르게 해결했어요. 직통 010-7556-4466 공유받음.,1
REV00000439,텔코 대전둔산점,대기 시간이 길었지만 처리는 깔끔했어요.,2
REV00000440,텔코스토어 종로,대기 시간이 길었지만 처리는 깔끔했어요.,5
REV00000441,텔코강남점,김지훈 점장님이 추천해준 요금제 아주 만족스러워요.,3
REV00000442,텔코강남점,가격이 합리적이고 사은품도 좋았습니다.,5
REV00000443,텔코플라자 부산서면,대기 시간이 길었지만 처리는 깔끔했어요.,1
REV00000444,텔코플라자 부산서면,가격이 합리적이고 사은품도 좋았습니다.,2
REV00000445,telco 광주충장로,이현주 점장님이 추천해준 요금제 아주 만족스러워요.,5
REV00000446,텔코 수원역점,대기 시간이 길었지만 처리는 깔끔했어요.,5
REV00000447,telco 광주충장로,재방문 의사 있어요. 추천합니다.,2
REV00000448,텔코강남점,신호가 약한 지역인데 안내가 좋았습니다.,2
REV00000449,텔코 대전둔산점,대기 시간이 길었지만 처리는 깔끔했어요.,3
REV00000450,telco 광주충장로,가격이 합리적이고 사은품도 좋았습니다.,2
REV00000451,텔코스토어 종로,요금제 설명이 좀 부족했네요. 그래도 만족합니다.,2
REV00000452,텔코강남점,신호가 약한 지역인데 안내가 좋았습니다.,2
REV00000453,텔코플라자 부산서면,요금제 설명이 좀 부족했네요. 그래도 만족합니다.,3
REV00000454,텔코 대전둔산점,김미정 점장님이 추천해준 요금제 아주 만족스러워요.,2
REV00000455,텔코플라자 부산서면,가격이 합리적이고 사은품도 좋았습니다.,3
REV00000456,텔코플라자 부산서면,매장 직원이 친절했어요. 개통도 빨랐습니다.,4
REV00000457,텔코스토어 종로,매장 직원이 친절했어요. 개통도 빨랐습니다.,1
REV00000458,텔코플라자 부산서면,엄하은 점장님이 추천해준 요금제 아주 만족스러워요.,4
REV00000459,텔코플라자 부산서면,재방문 의사 있어요. 추천합니다.,2
REV00000460,텔코강남점,가격이 합리적이고 사은품도 좋았습니다.,4
REV00000461,텔코플라자 부산서면,매장 직원이 친절했어요. 개통도 빨랐습니다.,1
REV00000462,텔코강남점,상담사 손정훈님 덕분에 빠르게 해결했어요. 직통 010-3290-6735 공유받음.,1
REV00000463,텔코플라자 부산서면,상담사 김춘자님 덕분에 빠르게 해결했어요. 직통 010-9885-2700 공유받음.,2
REV00000464,텔코강남점,요금제 설명이 좀 부족했네요. 그래도 만족합니다.,1
REV00000465,텔코강남점,매장 직원이 친절했어요. 개통도 빨랐습니다.,4
REV00000466,telco 광주충장로,요금제 설명이 좀 부족했네요. 그래도 만족합니다.,4
REV00000467,텔코 대전둔산점,가격이 합리적이고 사은품도 좋았습니다.,5
REV00000468,텔코플라자 부산서면,이미영 점장님이 추천해준 요금제 아주 만족스러워요.,5
REV00000469,텔코강남점,신호가 약한 지역인데 안내가 좋았습니다.,2
REV00000470,텔코강남점,김재호 점장님이 추천해준 요금제 아주 만족스러워요.,5
REV00000471,텔코스토어 종로,상담사 이준서님 덕분에 빠르게 해결했어요. 직통 010-4253-9811 공유받음.,4
REV00000472,telco 광주충장로,요금제 설명이 좀 부족했네요. 그래도 만족합니다.,2
REV00000473,telco 광주충장로,신호가 약한 지역인데 안내가 좋았습니다.,5
REV00000474,텔코 대전둔산점,요금제 설명이 좀 부족했네요. 그래도 만족합니다.,3
REV00000475,텔코스토어 종로,대기 시간이 길었지만 처리는 깔끔했어요.,3
REV00000476,텔코 대전둔산점,대기 시간이 길었지만 처리는 깔끔했어요.,1
REV00000477,텔코 대전둔산점,재방문 의사 있어요. 추천합니다.,2
REV00000478,telco 광주충장로,가격이 합리적이고 사은품도 좋았습니다.,1
REV00000479,텔코스토어 종로,매장 직원이 친절했어요. 개통도 빨랐습니다.,5
REV00000480,텔코강남점,매장 직원이 친절했어요. 개통도 빨랐습니다.,3
REV00000481,텔코 대전둔산점,상담사 김미경님 덕분에 빠르게 해결했어요. 직통 010-7727-1740 공유받음.,4
REV00000482,텔코스토어 종로,요금제 설명이 좀 부족했네요. 그래도 만족합니다.,4
REV00000483,텔코 수원역점,신호가 약한 지역인데 안내가 좋았습니다.,3
REV00000484,텔코 수원역점,요금제 설명이 좀 부족했네요. 그래도 만족합니다.,2
REV00000485,텔코스토어 종로,요금제 설명이 좀 부족했네요. 그래도 만족합니다.,4
REV00000486,telco 광주충장로,매장 직원이 친절했어요. 개통도 빨랐습니다.,1
REV00000487,텔코플라자 부산서면,가격이 합리적이고 사은품도 좋았습니다.,5
REV00000488,텔코스토어 종로,요금제 설명이 좀 부족했네요. 그래도 만족합니다.,3
REV00000489,telco 광주충장로,신호가 약한 지역인데 안내가 좋았습니다.,2
REV00000490,텔코강남점,한예진 점장님이 추천해준 요금제 아주 만족스러워요.,1
REV00000491,텔코플라자 부산서면,한채원 점장님이 추천해준 요금제 아주 만족스러워요.,3
REV00000492,텔코플라자 부산서면,상담사 오우진님 덕분에 빠르게 해결했어요. 직통 010-6073-5348 공유받음.,2
REV00000493,텔코 수원역점,서미정 점장님이 추천해준 요금제 아주 만족스러워요.,1
REV00000494,telco 광주충장로,가격이 합리적이고 사은품도 좋았습니다.,5
REV00000495,텔코플라자 부산서면,가격이 합리적이고 사은품도 좋았습니다.,5
REV00000496,텔코 대전둔산점,요금제 설명이 좀 부족했네요. 그래도 만족합니다.,3
REV00000497,텔코 대전둔산점,요금제 설명이 좀 부족했네요. 그래도 만족합니다.,3
REV00000498,텔코강남점,가격이 합리적이고 사은품도 좋았습니다.,3
REV00000499,텔코 수원역점,문정웅 점장님이 추천해준 요금제 아주 만족스러워요.,3
REV00000500,텔코강남점,상담사 유도현님 덕분에 빠르게 해결했어요. 직통 01096377771 공유받음.,3
REV00000501,텔코강남점,상담사 김영환님 덕분에 빠르게 해결했어요. 직통 010-4634-6042 공유받음.,4
REV00000502,텔코플라자 부산서면,상담사 최정숙님 덕분에 빠르게 해결했어요. 직통 01023689821 공유받음.,3
REV00000503,텔코 수원역점,대기 시간이 길었지만 처리는 깔끔했어요.,5
REV00000504,텔코강남점,박영호 점장님이 추천해준 요금제 아주 만족스러워요.,3
REV00000505,텔코 수원역점,매장 직원이 친절했어요. 개통도 빨랐습니다.,1
REV00000506,telco 광주충장로,신호가 약한 지역인데 안내가 좋았습니다.,3
REV00000507,텔코플라자 부산서면,가격이 합리적이고 사은품도 좋았습니다.,2
REV00000508,텔코스토어 종로,신호가 약한 지역인데 안내가 좋았습니다.,5
REV00000509,텔코스토어 종로,요금제 설명이 좀 부족했네요. 그래도 만족합니다.,3
REV00000510,텔코스토어 종로,김은영 점장님이 추천해준 요금제 아주 만족스러워요.,2
REV00000511,텔코스토어 종로,재방문 의사 있어요. 추천합니다.,4
REV00000512,텔코스토어 종로,대기 시간이 길었지만 처리는 깔끔했어요.,5
REV00000513,텔코 수원역점,상담사 김지원님 덕분에 빠르게 해결했어요. 직통 010-9142-1850 공유받음.,2
REV00000514,텔코스토어 종로,요금제 설명이 좀 부족했네요. 그래도 만족합니다.,5
REV00000515,텔코 대전둔산점,요금제 설명이 좀 부족했네요. 그래도 만족합니다.,2
REV00000516,텔코플라자 부산서면,상담사 강은영님 덕분에 빠르게 해결했어요. 직통 010-2298-4190 공유받음.,4
REV00000517,텔코 대전둔산점,대기 시간이 길었지만 처리는 깔끔했어요.,2
REV00000518,텔코플라자 부산서면,요금제 설명이 좀 부족했네요. 그래도 만족합니다.,5
REV00000519,텔코스토어 종로,요금제 설명이 좀 부족했네요. 그래도 만족합니다.,2
REV00000520,텔코 수원역점,신호가 약한 지역인데 안내가 좋았습니다.,2
REV00000521,텔코강남점,재방문 의사 있어요. 추천합니다.,5
REV00000522,텔코 대전둔산점,대기 시간이 길었지만 처리는 깔끔했어요.,2
REV00000523,텔코플라자 부산서면,대기 시간이 길었지만 처리는 깔끔했어요.,5
REV00000524,텔코스토어 종로,송지은 점장님이 추천해준 요금제 아주 만족스러워요.,4
REV00000525,텔코 수원역점,매장 직원이 친절했어요. 개통도 빨랐습니다.,1
REV00000526,텔코플라자 부산서면,요금제 설명이 좀 부족했네요. 그래도 만족합니다.,2
REV00000527,텔코강남점,요금제 설명이 좀 부족했네요. 그래도 만족합니다.,2
REV00000528,telco 광주충장로,상담사 김정훈님 덕분에 빠르게 해결했어요. 직통 01012994471 공유받음.,4
REV00000529,telco 광주충장로,상담사 김윤서님 덕분에 빠르게 해결했어요. 직통 010-6025-8605 공유받음.,1
REV00000530,텔코플라자 부산서면,신호가 약한 지역인데 안내가 좋았습니다.,3
REV00000531,텔코플라자 부산서면,재방문 의사 있어요. 추천합니다.,1
REV00000532,telco 광주충장로,재방문 의사 있어요. 추천합니다.,4
REV00000533,텔코강남점,장예진 점장님이 추천해준 요금제 아주 만족스러워요.,1
REV00000534,텔코강남점,가격이 합리적이고 사은품도 좋았습니다.,3
REV00000535,텔코플라자 부산서면,요금제 설명이 좀 부족했네요. 그래도 만족합니다.,3
REV00000536,텔코강남점,매장 직원이 친절했어요. 개통도 빨랐습니다.,4
REV00000537,텔코강남점,상담사 김상호님 덕분에 빠르게 해결했어요. 직통 010-3949-7492 공유받음.,2
REV00000538,텔코스토어 종로,매장 직원이 친절했어요. 개통도 빨랐습니다.,5
REV00000539,텔코강남점,상담사 유은주님 덕분에 빠르게 해결했어요. 직통 010-6170-6786 공유받음.,5
REV00000540,텔코강남점,대기 시간이 길었지만 처리는 깔끔했어요.,1
REV00000541,텔코 수원역점,요금제 설명이 좀 부족했네요. 그래도 만족합니다.,2
REV00000542,텔코 수원역점,가격이 합리적이고 사은품도 좋았습니다.,2
REV00000543,텔코 수원역점,요금제 설명이 좀 부족했네요. 그래도 만족합니다.,1
REV00000544,텔코 수원역점,매장 직원이 친절했어요. 개통도 빨랐습니다.,4
REV00000545,telco 광주충장로,신호가 약한 지역인데 안내가 좋았습니다.,1
REV00000546,텔코강남점,재방문 의사 있어요. 추천합니다.,4
REV00000547,텔코스토어 종로,대기 시간이 길었지만 처리는 깔끔했어요.,2
REV00000548,텔코 대전둔산점,재방문 의사 있어요. 추천합니다.,5
REV00000549,텔코강남점,매장 직원이 친절했어요. 개통도 빨랐습니다.,3
REV00000550,텔코 수원역점,가격이 합리적이고 사은품도 좋았습니다.,2
REV00000551,텔코 수원역점,매장 직원이 친절했어요. 개통도 빨랐습니다.,2
REV00000552,텔코 대전둔산점,대기 시간이 길었지만 처리는 깔끔했어요.,5
REV00000553,텔코스토어 종로,가격이 합리적이고 사은품도 좋았습니다.,2
REV00000554,텔코강남점,박보람 점장님이 추천해준 요금제 아주 만족스러워요.,1
REV00000555,텔코 대전둔산점,매장 직원이 친절했어요. 개통도 빨랐습니다.,3
REV00000556,텔코 수원역점,재방문 의사 있어요. 추천합니다.,5
REV00000557,텔코플라자 부산서면,양영미 점장님이 추천해준 요금제 아주 만족스러워요.,2
REV00000558,텔코 대전둔산점,매장 직원이 친절했어요. 개통도 빨랐습니다.,4
REV00000559,telco 광주충장로,대기 시간이 길었지만 처리는 깔끔했어요.,4
REV00000560,텔코 대전둔산점,요금제 설명이 좀 부족했네요. 그래도 만족합니다.,5
REV00000561,텔코스토어 종로,가격이 합리적이고 사은품도 좋았습니다.,1
REV00000562,텔코 수원역점,재방문 의사 있어요. 추천합니다.,3
REV00000563,텔코 대전둔산점,매장 직원이 친절했어요. 개통도 빨랐습니다.,3
REV00000564,텔코 대전둔산점,신호가 약한 지역인데 안내가 좋았습니다.,5
REV00000565,텔코 대전둔산점,가격이 합리적이고 사은품도 좋았습니다.,1
REV00000566,텔코 대전둔산점,신호가 약한 지역인데 안내가 좋았습니다.,4
REV00000567,텔코강남점,신호가 약한 지역인데 안내가 좋았습니다.,4
REV00000568,텔코강남점,매장 직원이 친절했어요. 개통도 빨랐습니다.,5
REV00000569,텔코 수원역점,가격이 합리적이고 사은품도 좋았습니다.,2
REV00000570,텔코강남점,상담사 김현지님 덕분에 빠르게 해결했어요. 직통 010-9328-9833 공유받음.,4
REV00000571,텔코 대전둔산점,신호가 약한 지역인데 안내가 좋았습니다.,5
REV00000572,텔코 대전둔산점,요금제 설명이 좀 부족했네요. 그래도 만족합니다.,5
REV00000573,텔코강남점,신호가 약한 지역인데 안내가 좋았습니다.,3
REV00000574,telco 광주충장로,요금제 설명이 좀 부족했네요. 그래도 만족합니다.,3
REV00000575,텔코플라자 부산서면,대기 시간이 길었지만 처리는 깔끔했어요.,4
REV00000576,텔코 수원역점,요금제 설명이 좀 부족했네요. 그래도 만족합니다.,3
REV00000577,텔코 수원역점,신호가 약한 지역인데 안내가 좋았습니다.,3
REV00000578,텔코강남점,매장 직원이 친절했어요. 개통도 빨랐습니다.,5
REV00000579,telco 광주충장로,대기 시간이 길었지만 처리는 깔끔했어요.,1
REV00000580,텔코플라자 부산서면,황예지 점장님이 추천해준 요금제 아주 만족스러워요.,4
REV00000581,텔코플라자 부산서면,상담사 최예진님 덕분에 빠르게 해결했어요. 직통 010-9481-6630 공유받음.,3
REV00000582,텔코 대전둔산점,요금제 설명이 좀 부족했네요. 그래도 만족합니다.,2
REV00000583,텔코 수원역점,재방문 의사 있어요. 추천합니다.,2
REV00000584,텔코스토어 종로,상담사 최영호님 덕분에 빠르게 해결했어요. 직통 010-3358-3114 공유받음.,1
REV00000585,telco 광주충장로,재방문 의사 있어요. 추천합니다.,5
REV00000586,텔코 대전둔산점,재방문 의사 있어요. 추천합니다.,4
REV00000587,telco 광주충장로,재방문 의사 있어요. 추천합니다.,4
REV00000588,텔코플라자 부산서면,신호가 약한 지역인데 안내가 좋았습니다.,4
REV00000589,telco 광주충장로,이상훈 점장님이 추천해준 요금제 아주 만족스러워요.,3
REV00000590,telco 광주충장로,매장 직원이 친절했어요. 개통도 빨랐습니다.,4
REV00000591,telco 광주충장로,매장 직원이 친절했어요. 개통도 빨랐습니다.,1
REV00000592,텔코스토어 종로,요금제 설명이 좀 부족했네요. 그래도 만족합니다.,2
REV00000593,텔코 수원역점,요금제 설명이 좀 부족했네요. 그래도 만족합니다.,4
REV00000594,텔코스토어 종로,가격이 합리적이고 사은품도 좋았습니다.,1
REV00000595,텔코플라자 부산서면,매장 직원이 친절했어요. 개통도 빨랐습니다.,4
REV00000596,텔코강남점,대기 시간이 길었지만 처리는 깔끔했어요.,2
REV00000597,telco 광주충장로,재방문 의사 있어요. 추천합니다.,5
REV00000598,telco 광주충장로,신호가 약한 지역인데 안내가 좋았습니다.,2
REV00000599,telco 광주충장로,재방문 의사 있어요. 추천합니다.,4
REV00000600,텔코 대전둔산점,가격이 합리적이고 사은품도 좋았습니다.,3
REV00000601,텔코강남점,가격이 합리적이고 사은품도 좋았습니다.,1
REV00000602,텔코스토어 종로,김성현 점장님이 추천해준 요금제 아주 만족스러워요.,3
REV00000603,텔코스토어 종로,요금제 설명이 좀 부족했네요. 그래도 만족합니다.,3
REV00000604,텔코플라자 부산서면,오은주 점장님이 추천해준 요금제 아주 만족스러워요.,3
REV00000605,텔코 대전둔산점,재방문 의사 있어요. 추천합니다.,5
REV00000606,텔코 대전둔산점,매장 직원이 친절했어요. 개통도 빨랐습니다.,2
REV00000607,텔코 대전둔산점,매장 직원이 친절했어요. 개통도 빨랐습니다.,3
REV00000608,텔코 수원역점,가격이 합리적이고 사은품도 좋았습니다.,1
REV00000609,텔코플라자 부산서면,상담사 박경수님 덕분에 빠르게 해결했어요. 직통 010-2216-8042 공유받음.,2
REV00000610,텔코 대전둔산점,매장 직원이 친절했어요. 개통도 빨랐습니다.,5
REV00000611,텔코스토어 종로,황서연 점장님이 추천해준 요금제 아주 만족스러워요.,3
REV00000612,텔코 대전둔산점,대기 시간이 길었지만 처리는 깔끔했어요.,4
REV00000613,telco 광주충장로,매장 직원이 친절했어요. 개통도 빨랐습니다.,4
REV00000614,telco 광주충장로,상담사 김민서님 덕분에 빠르게 해결했어요. 직통 010-7041-1908 공유받음.,5
REV00000615,텔코강남점,상담사 박성호님 덕분에 빠르게 해결했어요. 직통 01028284712 공유받음.,2
REV00000616,텔코플라자 부산서면,가격이 합리적이고 사은품도 좋았습니다.,3
REV00000617,텔코 수원역점,매장 직원이 친절했어요. 개통도 빨랐습니다.,5
REV00000618,텔코플라자 부산서면,매장 직원이 친절했어요. 개통도 빨랐습니다.,2
REV00000619,텔코 수원역점,대기 시간이 길었지만 처리는 깔끔했어요.,3
REV00000620,텔코강남점,재방문 의사 있어요. 추천합니다.,1
REV00000621,텔코플라자 부산서면,대기 시간이 길었지만 처리는 깔끔했어요.,5
REV00000622,telco 광주충장로,안현숙 점장님이 추천해준 요금제 아주 만족스러워요.,2
REV00000623,텔코 수원역점,상담사 윤윤서님 덕분에 빠르게 해결했어요. 직통 01057911596 공유받음.,2
REV00000624,telco 광주충장로,가격이 합리적이고 사은품도 좋았습니다.,5
REV00000625,텔코 대전둔산점,신호가 약한 지역인데 안내가 좋았습니다.,2
REV00000626,텔코강남점,요금제 설명이 좀 부족했네요. 그래도 만족합니다.,4
REV00000627,텔코 대전둔산점,요금제 설명이 좀 부족했네요. 그래도 만족합니다.,5
REV00000628,텔코플라자 부산서면,가격이 합리적이고 사은품도 좋았습니다.,5
REV00000629,텔코스토어 종로,재방문 의사 있어요. 추천합니다.,4
REV00000630,텔코플라자 부산서면,요금제 설명이 좀 부족했네요. 그래도 만족합니다.,5
REV00000631,텔코플라자 부산서면,상담사 김예은님 덕분에 빠르게 해결했어요. 직통 010-3615-6587 공유받음.,4
REV00000632,텔코스토어 종로,가격이 합리적이고 사은품도 좋았습니다.,5
REV00000633,텔코플라자 부산서면,신호가 약한 지역인데 안내가 좋았습니다.,3
REV00000634,텔코 대전둔산점,신호가 약한 지역인데 안내가 좋았습니다.,3
REV00000635,텔코플라자 부산서면,최지혜 점장님이 추천해준 요금제 아주 만족스러워요.,4
REV00000636,텔코 수원역점,재방문 의사 있어요. 추천합니다.,3
REV00000637,텔코강남점,이재호 점장님이 추천해준 요금제 아주 만족스러워요.,5
REV00000638,텔코스토어 종로,가격이 합리적이고 사은품도 좋았습니다.,4
REV00000639,텔코플라자 부산서면,요금제 설명이 좀 부족했네요. 그래도 만족합니다.,1
REV00000640,텔코플라자 부산서면,신호가 약한 지역인데 안내가 좋았습니다.,5
REV00000641,텔코 수원역점,김하윤 점장님이 추천해준 요금제 아주 만족스러워요.,1
REV00000642,텔코 수원역점,대기 시간이 길었지만 처리는 깔끔했어요.,1
REV00000643,텔코플라자 부산서면,권성훈 점장님이 추천해준 요금제 아주 만족스러워요.,3
REV00000644,텔코스토어 종로,매장 직원이 친절했어요. 개통도 빨랐습니다.,1
REV00000645,텔코 수원역점,대기 시간이 길었지만 처리는 깔끔했어요.,2
REV00000646,텔코플라자 부산서면,상담사 오미숙님 덕분에 빠르게 해결했어요. 직통 01026798906 공유받음.,1
REV00000647,telco 광주충장로,매장 직원이 친절했어요. 개통도 빨랐습니다.,4
REV00000648,텔코스토어 종로,매장 직원이 친절했어요. 개통도 빨랐습니다.,2
REV00000649,텔코 수원역점,요금제 설명이 좀 부족했네요. 그래도 만족합니다.,3
REV00000650,텔코플라자 부산서면,재방문 의사 있어요. 추천합니다.,5
REV00000651,telco 광주충장로,대기 시간이 길었지만 처리는 깔끔했어요.,1
REV00000652,텔코 수원역점,요금제 설명이 좀 부족했네요. 그래도 만족합니다.,1
REV00000653,텔코플라자 부산서면,김서준 점장님이 추천해준 요금제 아주 만족스러워요.,3
REV00000654,텔코 수원역점,신호가 약한 지역인데 안내가 좋았습니다.,3
REV00000655,텔코강남점,재방문 의사 있어요. 추천합니다.,4
REV00000656,텔코플라자 부산서면,요금제 설명이 좀 부족했네요. 그래도 만족합니다.,4
REV00000657,텔코스토어 종로,신호가 약한 지역인데 안내가 좋았습니다.,4
REV00000658,텔코 수원역점,손현주 점장님이 추천해준 요금제 아주 만족스러워요.,4
REV00000659,telco 광주충장로,매장 직원이 친절했어요. 개통도 빨랐습니다.,1
REV00000660,telco 광주충장로,매장 직원이 친절했어요. 개통도 빨랐습니다.,1
REV00000661,텔코 수원역점,상담사 이영호님 덕분에 빠르게 해결했어요. 직통 010-8874-3724 공유받음.,3
REV00000662,텔코스토어 종로,요금제 설명이 좀 부족했네요. 그래도 만족합니다.,4
REV00000663,텔코 대전둔산점,재방문 의사 있어요. 추천합니다.,1
REV00000664,텔코 수원역점,대기 시간이 길었지만 처리는 깔끔했어요.,3
REV00000665,텔코 수원역점,신호가 약한 지역인데 안내가 좋았습니다.,4
REV00000666,텔코플라자 부산서면,매장 직원이 친절했어요. 개통도 빨랐습니다.,1
REV00000667,텔코 수원역점,매장 직원이 친절했어요. 개통도 빨랐습니다.,1
REV00000668,텔코 대전둔산점,대기 시간이 길었지만 처리는 깔끔했어요.,4
REV00000669,텔코 수원역점,재방문 의사 있어요. 추천합니다.,4
REV00000670,텔코 수원역점,대기 시간이 길었지만 처리는 깔끔했어요.,5
REV00000671,텔코 수원역점,가격이 합리적이고 사은품도 좋았습니다.,2
REV00000672,텔코강남점,재방문 의사 있어요. 추천합니다.,4
REV00000673,telco 광주충장로,대기 시간이 길었지만 처리는 깔끔했어요.,5
REV00000674,telco 광주충장로,가격이 합리적이고 사은품도 좋았습니다.,4
REV00000675,텔코플라자 부산서면,대기 시간이 길었지만 처리는 깔끔했어요.,4
REV00000676,텔코플라자 부산서면,상담사 김지연님 덕분에 빠르게 해결했어요. 직통 010-6453-2607 공유받음.,1
REV00000677,텔코 대전둔산점,재방문 의사 있어요. 추천합니다.,2
REV00000678,텔코 대전둔산점,가격이 합리적이고 사은품도 좋았습니다.,1
REV00000679,telco 광주충장로,요금제 설명이 좀 부족했네요. 그래도 만족합니다.,3
REV00000680,텔코강남점,가격이 합리적이고 사은품도 좋았습니다.,3
REV00000681,텔코 대전둔산점,재방문 의사 있어요. 추천합니다.,2
REV00000682,텔코 대전둔산점,김선영 점장님이 추천해준 요금제 아주 만족스러워요.,3
REV00000683,텔코강남점,매장 직원이 친절했어요. 개통도 빨랐습니다.,4
REV00000684,텔코 대전둔산점,대기 시간이 길었지만 처리는 깔끔했어요.,5
REV00000685,텔코플라자 부산서면,가격이 합리적이고 사은품도 좋았습니다.,5
REV00000686,telco 광주충장로,가격이 합리적이고 사은품도 좋았습니다.,1
REV00000687,텔코스토어 종로,대기 시간이 길었지만 처리는 깔끔했어요.,5
REV00000688,텔코스토어 종로,신호가 약한 지역인데 안내가 좋았습니다.,1
REV00000689,텔코 대전둔산점,요금제 설명이 좀 부족했네요. 그래도 만족합니다.,2
REV00000690,텔코플라자 부산서면,요금제 설명이 좀 부족했네요. 그래도 만족합니다.,3
REV00000691,텔코 대전둔산점,가격이 합리적이고 사은품도 좋았습니다.,1
REV00000692,텔코스토어 종로,상담사 김정숙님 덕분에 빠르게 해결했어요. 직통 01086731649 공유받음.,1
REV00000693,텔코강남점,신호가 약한 지역인데 안내가 좋았습니다.,3
REV00000694,텔코 대전둔산점,요금제 설명이 좀 부족했네요. 그래도 만족합니다.,5
REV00000695,텔코플라자 부산서면,매장 직원이 친절했어요. 개통도 빨랐습니다.,5
REV00000696,텔코스토어 종로,가격이 합리적이고 사은품도 좋았습니다.,5
REV00000697,텔코 수원역점,가격이 합리적이고 사은품도 좋았습니다.,1
REV00000698,텔코강남점,요금제 설명이 좀 부족했네요. 그래도 만족합니다.,4
REV00000699,텔코 대전둔산점,가격이 합리적이고 사은품도 좋았습니다.,2
REV00000700,텔코강남점,상담사 박현우님 덕분에 빠르게 해결했어요. 직통 010-1833-2038 공유받음.,5
REV00000701,텔코플라자 부산서면,신호가 약한 지역인데 안내가 좋았습니다.,4
REV00000702,텔코플라자 부산서면,요금제 설명이 좀 부족했네요. 그래도 만족합니다.,3
REV00000703,텔코강남점,가격이 합리적이고 사은품도 좋았습니다.,4
REV00000704,텔코스토어 종로,대기 시간이 길었지만 처리는 깔끔했어요.,1
REV00000705,텔코 수원역점,가격이 합리적이고 사은품도 좋았습니다.,5
REV00000706,텔코 수원역점,요금제 설명이 좀 부족했네요. 그래도 만족합니다.,1
REV00000707,telco 광주충장로,요금제 설명이 좀 부족했네요. 그래도 만족합니다.,5
REV00000708,텔코 대전둔산점,상담사 이지원님 덕분에 빠르게 해결했어요. 직통 010-7958-8064 공유받음.,4
REV00000709,텔코스토어 종로,상담사 이은지님 덕분에 빠르게 해결했어요. 직통 01080281241 공유받음.,2
REV00000710,telco 광주충장로,대기 시간이 길었지만 처리는 깔끔했어요.,1
REV00000711,telco 광주충장로,대기 시간이 길었지만 처리는 깔끔했어요.,5
REV00000712,텔코 수원역점,매장 직원이 친절했어요. 개통도 빨랐습니다.,2
REV00000713,텔코플라자 부산서면,재방문 의사 있어요. 추천합니다.,4
REV00000714,텔코 대전둔산점,요금제 설명이 좀 부족했네요. 그래도 만족합니다.,1
REV00000715,텔코스토어 종로,상담사 박서준님 덕분에 빠르게 해결했어요. 직통 010-2808-3925 공유받음.,4
REV00000716,telco 광주충장로,상담사 박은영님 덕분에 빠르게 해결했어요. 직통 010-2721-4469 공유받음.,3
REV00000717,telco 광주충장로,신호가 약한 지역인데 안내가 좋았습니다.,5
REV00000718,telco 광주충장로,신호가 약한 지역인데 안내가 좋았습니다.,1
REV00000719,telco 광주충장로,상담사 이미영님 덕분에 빠르게 해결했어요. 직통 01094223834 공유받음.,2
REV00000720,텔코 대전둔산점,대기 시간이 길었지만 처리는 깔끔했어요.,1
REV00000721,telco 광주충장로,대기 시간이 길었지만 처리는 깔끔했어요.,3
REV00000722,텔코 대전둔산점,가격이 합리적이고 사은품도 좋았습니다.,1
REV00000723,텔코강남점,신호가 약한 지역인데 안내가 좋았습니다.,1
REV00000724,텔코 대전둔산점,가격이 합리적이고 사은품도 좋았습니다.,5
REV00000725,텔코강남점,가격이 합리적이고 사은품도 좋았습니다.,3
REV00000726,telco 광주충장로,상담사 이동현님 덕분에 빠르게 해결했어요. 직통 01033705704 공유받음.,5
REV00000727,telco 광주충장로,매장 직원이 친절했어요. 개통도 빨랐습니다.,5
REV00000728,텔코강남점,심민지 점장님이 추천해준 요금제 아주 만족스러워요.,3
REV00000729,텔코스토어 종로,재방문 의사 있어요. 추천합니다.,4
REV00000730,텔코스토어 종로,가격이 합리적이고 사은품도 좋았습니다.,1
REV00000731,telco 광주충장로,대기 시간이 길었지만 처리는 깔끔했어요.,5
REV00000732,telco 광주충장로,윤지후 점장님이 추천해준 요금제 아주 만족스러워요.,2
REV00000733,텔코 수원역점,재방문 의사 있어요. 추천합니다.,5
REV00000734,텔코플라자 부산서면,가격이 합리적이고 사은품도 좋았습니다.,3
REV00000735,텔코 수원역점,재방문 의사 있어요. 추천합니다.,5
REV00000736,텔코스토어 종로,신호가 약한 지역인데 안내가 좋았습니다.,4
REV00000737,텔코플라자 부산서면,대기 시간이 길었지만 처리는 깔끔했어요.,5
REV00000738,텔코강남점,매장 직원이 친절했어요. 개통도 빨랐습니다.,1
REV00000739,telco 광주충장로,가격이 합리적이고 사은품도 좋았습니다.,4
REV00000740,텔코 수원역점,가격이 합리적이고 사은품도 좋았습니다.,4
REV00000741,텔코플라자 부산서면,신호가 약한 지역인데 안내가 좋았습니다.,3
REV00000742,telco 광주충장로,대기 시간이 길었지만 처리는 깔끔했어요.,3
REV00000743,텔코 수원역점,재방문 의사 있어요. 추천합니다.,1
REV00000744,텔코플라자 부산서면,요금제 설명이 좀 부족했네요. 그래도 만족합니다.,2
REV00000745,텔코스토어 종로,재방문 의사 있어요. 추천합니다.,2
REV00000746,텔코스토어 종로,재방문 의사 있어요. 추천합니다.,3
REV00000747,telco 광주충장로,대기 시간이 길었지만 처리는 깔끔했어요.,3
REV00000748,텔코강남점,대기 시간이 길었지만 처리는 깔끔했어요.,3
REV00000749,telco 광주충장로,매장 직원이 친절했어요. 개통도 빨랐습니다.,3
REV00000750,텔코플라자 부산서면,상담사 이영미님 덕분에 빠르게 해결했어요. 직통 01083657503 공유받음.,5
REV00000751,telco 광주충장로,재방문 의사 있어요. 추천합니다.,2
REV00000752,텔코 수원역점,이성현 점장님이 추천해준 요금제 아주 만족스러워요.,3
REV00000753,텔코 수원역점,대기 시간이 길었지만 처리는 깔끔했어요.,2
REV00000754,텔코스토어 종로,신호가 약한 지역인데 안내가 좋았습니다.,4
REV00000755,텔코 수원역점,가격이 합리적이고 사은품도 좋았습니다.,2
REV00000756,텔코 대전둔산점,대기 시간이 길었지만 처리는 깔끔했어요.,3
REV00000757,telco 광주충장로,매장 직원이 친절했어요. 개통도 빨랐습니다.,3
REV00000758,텔코플라자 부산서면,상담사 권종수님 덕분에 빠르게 해결했어요. 직통 01080286197 공유받음.,2
REV00000759,텔코 대전둔산점,요금제 설명이 좀 부족했네요. 그래도 만족합니다.,5
REV00000760,텔코강남점,매장 직원이 친절했어요. 개통도 빨랐습니다.,5
REV00000761,텔코강남점,신호가 약한 지역인데 안내가 좋았습니다.,3
REV00000762,telco 광주충장로,상담사 김정숙님 덕분에 빠르게 해결했어요. 직통 010-2352-1524 공유받음.,3
REV00000763,텔코스토어 종로,가격이 합리적이고 사은품도 좋았습니다.,2
REV00000764,텔코강남점,요금제 설명이 좀 부족했네요. 그래도 만족합니다.,1
REV00000765,텔코플라자 부산서면,재방문 의사 있어요. 추천합니다.,3
REV00000766,텔코 수원역점,대기 시간이 길었지만 처리는 깔끔했어요.,1
REV00000767,텔코 대전둔산점,이주원 점장님이 추천해준 요금제 아주 만족스러워요.,4
REV00000768,텔코스토어 종로,박현준 점장님이 추천해준 요금제 아주 만족스러워요.,1
REV00000769,텔코 대전둔산점,재방문 의사 있어요. 추천합니다.,4
REV00000770,telco 광주충장로,재방문 의사 있어요. 추천합니다.,3
REV00000771,telco 광주충장로,한정순 점장님이 추천해준 요금제 아주 만족스러워요.,2
REV00000772,텔코 수원역점,상담사 김미영님 덕분에 빠르게 해결했어요. 직통 010-3887-3187 공유받음.,2
REV00000773,telco 광주충장로,재방문 의사 있어요. 추천합니다.,5
REV00000774,텔코 수원역점,상담사 박성수님 덕분에 빠르게 해결했어요. 직통 010-7529-6309 공유받음.,3
REV00000775,텔코스토어 종로,요금제 설명이 좀 부족했네요. 그래도 만족합니다.,4
REV00000776,텔코 수원역점,재방문 의사 있어요. 추천합니다.,4
REV00000777,텔코플라자 부산서면,재방문 의사 있어요. 추천합니다.,1
REV00000778,텔코플라자 부산서면,대기 시간이 길었지만 처리는 깔끔했어요.,1
REV00000779,텔코강남점,곽시우 점장님이 추천해준 요금제 아주 만족스러워요.,5
REV00000780,telco 광주충장로,대기 시간이 길었지만 처리는 깔끔했어요.,5
REV00000781,텔코스토어 종로,매장 직원이 친절했어요. 개통도 빨랐습니다.,4
REV00000782,텔코 수원역점,매장 직원이 친절했어요. 개통도 빨랐습니다.,1
REV00000783,텔코 수원역점,이정식 점장님이 추천해준 요금제 아주 만족스러워요.,2
REV00000784,텔코 대전둔산점,대기 시간이 길었지만 처리는 깔끔했어요.,3
REV00000785,텔코 수원역점,재방문 의사 있어요. 추천합니다.,3
REV00000786,telco 광주충장로,김영일 점장님이 추천해준 요금제 아주 만족스러워요.,1
REV00000787,telco 광주충장로,가격이 합리적이고 사은품도 좋았습니다.,3
REV00000788,텔코 수원역점,노현정 점장님이 추천해준 요금제 아주 만족스러워요.,3
REV00000789,텔코 대전둔산점,요금제 설명이 좀 부족했네요. 그래도 만족합니다.,2
REV00000790,텔코 대전둔산점,상담사 김영자님 덕분에 빠르게 해결했어요. 직통 01053095082 공유받음.,4
REV00000791,텔코스토어 종로,신호가 약한 지역인데 안내가 좋았습니다.,5
REV00000792,텔코플라자 부산서면,가격이 합리적이고 사은품도 좋았습니다.,3
REV00000793,텔코 수원역점,한지연 점장님이 추천해준 요금제 아주 만족스러워요.,4
REV00000794,텔코플라자 부산서면,재방문 의사 있어요. 추천합니다.,5
REV00000795,telco 광주충장로,가격이 합리적이고 사은품도 좋았습니다.,1
REV00000796,텔코플라자 부산서면,상담사 이시우님 덕분에 빠르게 해결했어요. 직통 01060436780 공유받음.,3
REV00000797,텔코스토어 종로,재방문 의사 있어요. 추천합니다.,2
REV00000798,텔코 대전둔산점,가격이 합리적이고 사은품도 좋았습니다.,4
REV00000799,telco 광주충장로,가격이 합리적이고 사은품도 좋았습니다.,5
REV00000800,텔코 수원역점,가격이 합리적이고 사은품도 좋았습니다.,2
REV00000801,텔코 수원역점,상담사 김수진님 덕분에 빠르게 해결했어요. 직통 010-5653-6282 공유받음.,1
REV00000802,telco 광주충장로,재방문 의사 있어요. 추천합니다.,2
REV00000803,텔코강남점,가격이 합리적이고 사은품도 좋았습니다.,1
REV00000804,텔코 대전둔산점,한영길 점장님이 추천해준 요금제 아주 만족스러워요.,2
REV00000805,텔코스토어 종로,상담사 이경수님 덕분에 빠르게 해결했어요. 직통 01049149343 공유받음.,3
REV00000806,텔코강남점,매장 직원이 친절했어요. 개통도 빨랐습니다.,1
REV00000807,텔코강남점,장서연 점장님이 추천해준 요금제 아주 만족스러워요.,2
REV00000808,텔코 수원역점,매장 직원이 친절했어요. 개통도 빨랐습니다.,1
REV00000809,텔코플라자 부산서면,가격이 합리적이고 사은품도 좋았습니다.,4
REV00000810,텔코스토어 종로,요금제 설명이 좀 부족했네요. 그래도 만족합니다.,3
REV00000811,텔코 수원역점,신호가 약한 지역인데 안내가 좋았습니다.,4
REV00000812,텔코 수원역점,재방문 의사 있어요. 추천합니다.,1
REV00000813,텔코강남점,우종수 점장님이 추천해준 요금제 아주 만족스러워요.,4
REV00000814,텔코강남점,신호가 약한 지역인데 안내가 좋았습니다.,4
REV00000815,텔코강남점,신호가 약한 지역인데 안내가 좋았습니다.,3
REV00000816,텔코플라자 부산서면,신호가 약한 지역인데 안내가 좋았습니다.,3
REV00000817,텔코 수원역점,재방문 의사 있어요. 추천합니다.,5
REV00000818,텔코스토어 종로,엄지아 점장님이 추천해준 요금제 아주 만족스러워요.,3
REV00000819,텔코강남점,요금제 설명이 좀 부족했네요. 그래도 만족합니다.,1
REV00000820,텔코 수원역점,재방문 의사 있어요. 추천합니다.,1
REV00000821,텔코강남점,매장 직원이 친절했어요. 개통도 빨랐습니다.,2
REV00000822,텔코플라자 부산서면,대기 시간이 길었지만 처리는 깔끔했어요.,2
REV00000823,텔코 수원역점,신호가 약한 지역인데 안내가 좋았습니다.,1
REV00000824,텔코플라자 부산서면,상담사 박미정님 덕분에 빠르게 해결했어요. 직통 01078051926 공유받음.,3
REV00000825,telco 광주충장로,가격이 합리적이고 사은품도 좋았습니다.,2
REV00000826,텔코 대전둔산점,재방문 의사 있어요. 추천합니다.,3
REV00000827,텔코강남점,매장 직원이 친절했어요. 개통도 빨랐습니다.,4
REV00000828,텔코 수원역점,상담사 한은정님 덕분에 빠르게 해결했어요. 직통 010-5386-1026 공유받음.,5
REV00000829,텔코 대전둔산점,김영일 점장님이 추천해준 요금제 아주 만족스러워요.,4
REV00000830,텔코강남점,요금제 설명이 좀 부족했네요. 그래도 만족합니다.,4
REV00000831,텔코스토어 종로,김선영 점장님이 추천해준 요금제 아주 만족스러워요.,3
REV00000832,텔코 대전둔산점,매장 직원이 친절했어요. 개통도 빨랐습니다.,5
REV00000833,텔코강남점,가격이 합리적이고 사은품도 좋았습니다.,5
REV00000834,텔코스토어 종로,상담사 이미정님 덕분에 빠르게 해결했어요. 직통 01071888599 공유받음.,2
REV00000835,텔코플라자 부산서면,상담사 김지아님 덕분에 빠르게 해결했어요. 직통 010-7879-5754 공유받음.,5
REV00000836,telco 광주충장로,주민서 점장님이 추천해준 요금제 아주 만족스러워요.,2
REV00000837,텔코 대전둔산점,상담사 김지훈님 덕분에 빠르게 해결했어요. 직통 010-4758-6968 공유받음.,1
REV00000838,텔코 수원역점,신호가 약한 지역인데 안내가 좋았습니다.,5
REV00000839,텔코 수원역점,상담사 한주원님 덕분에 빠르게 해결했어요. 직통 01068663796 공유받음.,3
REV00000840,텔코 대전둔산점,신호가 약한 지역인데 안내가 좋았습니다.,4
REV00000841,텔코강남점,신호가 약한 지역인데 안내가 좋았습니다.,2
REV00000842,텔코 대전둔산점,요금제 설명이 좀 부족했네요. 그래도 만족합니다.,3
REV00000843,텔코스토어 종로,강순옥 점장님이 추천해준 요금제 아주 만족스러워요.,5
REV00000844,telco 광주충장로,상담사 임서준님 덕분에 빠르게 해결했어요. 직통 01077613125 공유받음.,5
REV00000845,텔코강남점,신호가 약한 지역인데 안내가 좋았습니다.,3
REV00000846,텔코플라자 부산서면,매장 직원이 친절했어요. 개통도 빨랐습니다.,2
REV00000847,텔코플라자 부산서면,신호가 약한 지역인데 안내가 좋았습니다.,1
REV00000848,텔코플라자 부산서면,재방문 의사 있어요. 추천합니다.,3
REV00000849,텔코스토어 종로,매장 직원이 친절했어요. 개통도 빨랐습니다.,3
REV00000850,telco 광주충장로,신호가 약한 지역인데 안내가 좋았습니다.,3
REV00000851,텔코 대전둔산점,상담사 김준영님 덕분에 빠르게 해결했어요. 직통 010-5634-6211 공유받음.,1
REV00000852,telco 광주충장로,가격이 합리적이고 사은품도 좋았습니다.,3
REV00000853,telco 광주충장로,매장 직원이 친절했어요. 개통도 빨랐습니다.,3
REV00000854,텔코 대전둔산점,상담사 권도현님 덕분에 빠르게 해결했어요. 직통 010-5208-2014 공유받음.,4
REV00000855,텔코 수원역점,상담사 이옥순님 덕분에 빠르게 해결했어요. 직통 010-6012-6026 공유받음.,4
REV00000856,telco 광주충장로,상담사 이정호님 덕분에 빠르게 해결했어요. 직통 010-6805-9212 공유받음.,4
REV00000857,텔코강남점,황영철 점장님이 추천해준 요금제 아주 만족스러워요.,4
REV00000858,텔코스토어 종로,상담사 이정웅님 덕분에 빠르게 해결했어요. 직통 010-8087-5649 공유받음.,3
REV00000859,텔코플라자 부산서면,신호가 약한 지역인데 안내가 좋았습니다.,3
REV00000860,텔코 대전둔산점,신호가 약한 지역인데 안내가 좋았습니다.,3
REV00000861,텔코스토어 종로,매장 직원이 친절했어요. 개통도 빨랐습니다.,3
REV00000862,텔코 대전둔산점,가격이 합리적이고 사은품도 좋았습니다.,5
REV00000863,텔코강남점,가격이 합리적이고 사은품도 좋았습니다.,4
REV00000864,텔코 대전둔산점,요금제 설명이 좀 부족했네요. 그래도 만족합니다.,2
REV00000865,텔코플라자 부산서면,상담사 김하은님 덕분에 빠르게 해결했어요. 직통 010-7888-8897 공유받음.,4
REV00000866,텔코스토어 종로,신호가 약한 지역인데 안내가 좋았습니다.,2
REV00000867,텔코플라자 부산서면,한미정 점장님이 추천해준 요금제 아주 만족스러워요.,2
REV00000868,텔코플라자 부산서면,상담사 이지후님 덕분에 빠르게 해결했어요. 직통 010-6820-8519 공유받음.,2
REV00000869,텔코 대전둔산점,재방문 의사 있어요. 추천합니다.,5
REV00000870,텔코플라자 부산서면,가격이 합리적이고 사은품도 좋았습니다.,5
REV00000871,텔코강남점,대기 시간이 길었지만 처리는 깔끔했어요.,5
REV00000872,telco 광주충장로,매장 직원이 친절했어요. 개통도 빨랐습니다.,1
REV00000873,텔코강남점,신호가 약한 지역인데 안내가 좋았습니다.,2
REV00000874,텔코 수원역점,김서연 점장님이 추천해준 요금제 아주 만족스러워요.,5
REV00000875,telco 광주충장로,상담사 이민준님 덕분에 빠르게 해결했어요. 직통 010-7542-6513 공유받음.,5
REV00000876,텔코 수원역점,매장 직원이 친절했어요. 개통도 빨랐습니다.,5
REV00000877,텔코 대전둔산점,요금제 설명이 좀 부족했네요. 그래도 만족합니다.,1
REV00000878,텔코 대전둔산점,권예은 점장님이 추천해준 요금제 아주 만족스러워요.,1
REV00000879,텔코플라자 부산서면,신호가 약한 지역인데 안내가 좋았습니다.,4
REV00000880,텔코강남점,이지우 점장님이 추천해준 요금제 아주 만족스러워요.,1
REV00000881,telco 광주충장로,재방문 의사 있어요. 추천합니다.,1
REV00000882,telco 광주충장로,김영길 점장님이 추천해준 요금제 아주 만족스러워요.,1
REV00000883,텔코스토어 종로,상담사 안준서님 덕분에 빠르게 해결했어요. 직통 010-6459-9734 공유받음.,5
REV00000884,텔코 대전둔산점,요금제 설명이 좀 부족했네요. 그래도 만족합니다.,1
REV00000885,텔코 수원역점,대기 시간이 길었지만 처리는 깔끔했어요.,4
REV00000886,텔코 수원역점,재방문 의사 있어요. 추천합니다.,5
REV00000887,텔코강남점,대기 시간이 길었지만 처리는 깔끔했어요.,3
REV00000888,텔코 대전둔산점,재방문 의사 있어요. 추천합니다.,3
REV00000889,텔코강남점,요금제 설명이 좀 부족했네요. 그래도 만족합니다.,5
REV00000890,텔코 수원역점,신호가 약한 지역인데 안내가 좋았습니다.,5
REV00000891,텔코 수원역점,재방문 의사 있어요. 추천합니다.,5
REV00000892,텔코강남점,재방문 의사 있어요. 추천합니다.,5
REV00000893,텔코스토어 종로,박상철 점장님이 추천해준 요금제 아주 만족스러워요.,5
REV00000894,텔코스토어 종로,가격이 합리적이고 사은품도 좋았습니다.,4
REV00000895,텔코 대전둔산점,신호가 약한 지역인데 안내가 좋았습니다.,3
REV00000896,텔코 대전둔산점,요금제 설명이 좀 부족했네요. 그래도 만족합니다.,5
REV00000897,텔코 대전둔산점,요금제 설명이 좀 부족했네요. 그래도 만족합니다.,2
REV00000898,텔코플라자 부산서면,박서현 점장님이 추천해준 요금제 아주 만족스러워요.,3
REV00000899,텔코스토어 종로,신호가 약한 지역인데 안내가 좋았습니다.,4
REV00000900,텔코 대전둔산점,매장 직원이 친절했어요. 개통도 빨랐습니다.,5
REV00000901,텔코 수원역점,상담사 이민석님 덕분에 빠르게 해결했어요. 직통 010-9141-2862 공유받음.,5
REV00000902,텔코강남점,상담사 구예원님 덕분에 빠르게 해결했어요. 직통 010-8364-6751 공유받음.,4
REV00000903,텔코스토어 종로,신호가 약한 지역인데 안내가 좋았습니다.,4
REV00000904,텔코강남점,노정호 점장님이 추천해준 요금제 아주 만족스러워요.,4
REV00000905,텔코강남점,요금제 설명이 좀 부족했네요. 그래도 만족합니다.,4
REV00000906,텔코 수원역점,상담사 김채원님 덕분에 빠르게 해결했어요. 직통 010-9027-3054 공유받음.,5
REV00000907,텔코스토어 종로,대기 시간이 길었지만 처리는 깔끔했어요.,2
REV00000908,텔코스토어 종로,재방문 의사 있어요. 추천합니다.,3
REV00000909,telco 광주충장로,요금제 설명이 좀 부족했네요. 그래도 만족합니다.,4
REV00000910,텔코강남점,요금제 설명이 좀 부족했네요. 그래도 만족합니다.,1
REV00000911,텔코 대전둔산점,가격이 합리적이고 사은품도 좋았습니다.,3
REV00000912,telco 광주충장로,가격이 합리적이고 사은품도 좋았습니다.,4
REV00000913,텔코플라자 부산서면,매장 직원이 친절했어요. 개통도 빨랐습니다.,1
REV00000914,텔코 수원역점,상담사 조경자님 덕분에 빠르게 해결했어요. 직통 010-1133-7400 공유받음.,1
REV00000915,텔코스토어 종로,신호가 약한 지역인데 안내가 좋았습니다.,1
REV00000916,텔코강남점,대기 시간이 길었지만 처리는 깔끔했어요.,3
REV00000917,텔코 대전둔산점,재방문 의사 있어요. 추천합니다.,1
REV00000918,텔코 수원역점,매장 직원이 친절했어요. 개통도 빨랐습니다.,4
REV00000919,텔코강남점,김승현 점장님이 추천해준 요금제 아주 만족스러워요.,1
REV00000920,텔코스토어 종로,신호가 약한 지역인데 안내가 좋았습니다.,4
REV00000921,telco 광주충장로,가격이 합리적이고 사은품도 좋았습니다.,2
REV00000922,텔코스토어 종로,대기 시간이 길었지만 처리는 깔끔했어요.,2
REV00000923,텔코강남점,가격이 합리적이고 사은품도 좋았습니다.,1
REV00000924,telco 광주충장로,재방문 의사 있어요. 추천합니다.,5
REV00000925,텔코강남점,요금제 설명이 좀 부족했네요. 그래도 만족합니다.,4
REV00000926,텔코 대전둔산점,신호가 약한 지역인데 안내가 좋았습니다.,2
REV00000927,텔코스토어 종로,가격이 합리적이고 사은품도 좋았습니다.,2
REV00000928,텔코플라자 부산서면,신호가 약한 지역인데 안내가 좋았습니다.,3
REV00000929,telco 광주충장로,매장 직원이 친절했어요. 개통도 빨랐습니다.,3
REV00000930,텔코 대전둔산점,상담사 장지민님 덕분에 빠르게 해결했어요. 직통 010-4204-6284 공유받음.,2
REV00000931,텔코스토어 종로,대기 시간이 길었지만 처리는 깔끔했어요.,1
REV00000932,텔코스토어 종로,신호가 약한 지역인데 안내가 좋았습니다.,1
REV00000933,텔코 대전둔산점,가격이 합리적이고 사은품도 좋았습니다.,4
REV00000934,텔코강남점,대기 시간이 길었지만 처리는 깔끔했어요.,3
REV00000935,텔코 수원역점,신호가 약한 지역인데 안내가 좋았습니다.,3
REV00000936,텔코스토어 종로,요금제 설명이 좀 부족했네요. 그래도 만족합니다.,3
REV00000937,텔코 수원역점,신호가 약한 지역인데 안내가 좋았습니다.,5
REV00000938,텔코스토어 종로,가격이 합리적이고 사은품도 좋았습니다.,4
REV00000939,telco 광주충장로,신호가 약한 지역인데 안내가 좋았습니다.,4
REV00000940,텔코플라자 부산서면,대기 시간이 길었지만 처리는 깔끔했어요.,5
REV00000941,텔코스토어 종로,가격이 합리적이고 사은품도 좋았습니다.,5
REV00000942,텔코 수원역점,재방문 의사 있어요. 추천합니다.,3
REV00000943,텔코 대전둔산점,재방문 의사 있어요. 추천합니다.,2
REV00000944,telco 광주충장로,재방문 의사 있어요. 추천합니다.,4
REV00000945,텔코스토어 종로,이주원 점장님이 추천해준 요금제 아주 만족스러워요.,4
REV00000946,텔코강남점,김상호 점장님이 추천해준 요금제 아주 만족스러워요.,1
REV00000947,텔코플라자 부산서면,박정숙 점장님이 추천해준 요금제 아주 만족스러워요.,5
REV00000948,텔코강남점,가격이 합리적이고 사은품도 좋았습니다.,2
REV00000949,텔코 수원역점,상담사 이미숙님 덕분에 빠르게 해결했어요. 직통 01015844071 공유받음.,5
REV00000950,텔코플라자 부산서면,재방문 의사 있어요. 추천합니다.,5
REV00000951,텔코강남점,가격이 합리적이고 사은품도 좋았습니다.,2
REV00000952,텔코 수원역점,재방문 의사 있어요. 추천합니다.,3
REV00000953,텔코 대전둔산점,상담사 이현주님 덕분에 빠르게 해결했어요. 직통 01011812276 공유받음.,2
REV00000954,텔코스토어 종로,이서윤 점장님이 추천해준 요금제 아주 만족스러워요.,3
REV00000955,텔코강남점,가격이 합리적이고 사은품도 좋았습니다.,1
REV00000956,텔코플라자 부산서면,신호가 약한 지역인데 안내가 좋았습니다.,1
REV00000957,텔코 대전둔산점,상담사 김성호님 덕분에 빠르게 해결했어요. 직통 010-8705-9273 공유받음.,1
REV00000958,텔코플라자 부산서면,요금제 설명이 좀 부족했네요. 그래도 만족합니다.,4
REV00000959,텔코스토어 종로,신호가 약한 지역인데 안내가 좋았습니다.,2
REV00000960,텔코스토어 종로,가격이 합리적이고 사은품도 좋았습니다.,3
REV00000961,telco 광주충장로,요금제 설명이 좀 부족했네요. 그래도 만족합니다.,1
REV00000962,텔코스토어 종로,상담사 허경희님 덕분에 빠르게 해결했어요. 직통 01020311197 공유받음.,1
REV00000963,텔코플라자 부산서면,손영길 점장님이 추천해준 요금제 아주 만족스러워요.,4
REV00000964,텔코플라자 부산서면,이상훈 점장님이 추천해준 요금제 아주 만족스러워요.,2
REV00000965,텔코스토어 종로,이지현 점장님이 추천해준 요금제 아주 만족스러워요.,1
REV00000966,텔코스토어 종로,가격이 합리적이고 사은품도 좋았습니다.,1
REV00000967,텔코 수원역점,매장 직원이 친절했어요. 개통도 빨랐습니다.,5
REV00000968,텔코 대전둔산점,김건우 점장님이 추천해준 요금제 아주 만족스러워요.,4
REV00000969,텔코플라자 부산서면,임은경 점장님이 추천해준 요금제 아주 만족스러워요.,4
REV00000970,텔코스토어 종로,신호가 약한 지역인데 안내가 좋았습니다.,1
REV00000971,텔코 대전둔산점,재방문 의사 있어요. 추천합니다.,5
REV00000972,텔코플라자 부산서면,요금제 설명이 좀 부족했네요. 그래도 만족합니다.,3
REV00000973,telco 광주충장로,매장 직원이 친절했어요. 개통도 빨랐습니다.,5
REV00000974,텔코강남점,신호가 약한 지역인데 안내가 좋았습니다.,2
REV00000975,telco 광주충장로,가격이 합리적이고 사은품도 좋았습니다.,1
REV00000976,텔코스토어 종로,매장 직원이 친절했어요. 개통도 빨랐습니다.,5
REV00000977,텔코강남점,요금제 설명이 좀 부족했네요. 그래도 만족합니다.,3
REV00000978,텔코 수원역점,요금제 설명이 좀 부족했네요. 그래도 만족합니다.,5
REV00000979,텔코 수원역점,신호가 약한 지역인데 안내가 좋았습니다.,2
REV00000980,텔코 대전둔산점,상담사 박순옥님 덕분에 빠르게 해결했어요. 직통 010-4470-1265 공유받음.,2
REV00000981,텔코스토어 종로,신호가 약한 지역인데 안내가 좋았습니다.,5
REV00000982,텔코 대전둔산점,요금제 설명이 좀 부족했네요. 그래도 만족합니다.,5
REV00000983,텔코 수원역점,가격이 합리적이고 사은품도 좋았습니다.,4
REV00000984,텔코 대전둔산점,재방문 의사 있어요. 추천합니다.,1
REV00000985,텔코플라자 부산서면,매장 직원이 친절했어요. 개통도 빨랐습니다.,3
REV00000986,텔코강남점,신호가 약한 지역인데 안내가 좋았습니다.,4
REV00000987,telco 광주충장로,요금제 설명이 좀 부족했네요. 그래도 만족합니다.,3
REV00000988,telco 광주충장로,김정수 점장님이 추천해준 요금제 아주 만족스러워요.,3
REV00000989,텔코 수원역점,상담사 이재호님 덕분에 빠르게 해결했어요. 직통 01010011582 공유받음.,3
REV00000990,텔코 대전둔산점,가격이 합리적이고 사은품도 좋았습니다.,4
REV00000991,텔코 대전둔산점,재방문 의사 있어요. 추천합니다.,5
REV00000992,텔코플라자 부산서면,상담사 박상철님 덕분에 빠르게 해결했어요. 직통 010-7866-6415 공유받음.,3
REV00000993,텔코플라자 부산서면,신호가 약한 지역인데 안내가 좋았습니다.,5
REV00000994,텔코플라자 부산서면,요금제 설명이 좀 부족했네요. 그래도 만족합니다.,2
REV00000995,텔코스토어 종로,가격이 합리적이고 사은품도 좋았습니다.,3
REV00000996,텔코 대전둔산점,요금제 설명이 좀 부족했네요. 그래도 만족합니다.,4
REV00000997,텔코플라자 부산서면,신호가 약한 지역인데 안내가 좋았습니다.,5
REV00000998,텔코강남점,가격이 합리적이고 사은품도 좋았습니다.,4
REV00000999,텔코강남점,서예진 점장님이 추천해준 요금제 아주 만족스러워요.,3
REV00001000,텔코스토어 종로,신호가 약한 지역인데 안내가 좋았습니다.,1
REV00001001,텔코스토어 종로,상담사 심영숙님 덕분에 빠르게 해결했어요. 직통 010-9540-8059 공유받음.,4
REV00001002,텔코 수원역점,문정자 점장님이 추천해준 요금제 아주 만족스러워요.,4
REV00001003,텔코플라자 부산서면,요금제 설명이 좀 부족했네요. 그래도 만족합니다.,2
REV00001004,텔코 대전둔산점,대기 시간이 길었지만 처리는 깔끔했어요.,4
REV00001005,텔코스토어 종로,최은서 점장님이 추천해준 요금제 아주 만족스러워요.,2
REV00001006,텔코스토어 종로,매장 직원이 친절했어요. 개통도 빨랐습니다.,5
REV00001007,텔코 수원역점,가격이 합리적이고 사은품도 좋았습니다.,1
REV00001008,텔코플라자 부산서면,요금제 설명이 좀 부족했네요. 그래도 만족합니다.,3
REV00001009,텔코 대전둔산점,매장 직원이 친절했어요. 개통도 빨랐습니다.,2
REV00001010,텔코 대전둔산점,최지민 점장님이 추천해준 요금제 아주 만족스러워요.,3
REV00001011,텔코플라자 부산서면,신호가 약한 지역인데 안내가 좋았습니다.,2
REV00001012,텔코플라자 부산서면,가격이 합리적이고 사은품도 좋았습니다.,2
REV00001013,텔코 대전둔산점,요금제 설명이 좀 부족했네요. 그래도 만족합니다.,1
REV00001014,telco 광주충장로,재방문 의사 있어요. 추천합니다.,1
REV00001015,텔코스토어 종로,대기 시간이 길었지만 처리는 깔끔했어요.,3
REV00001016,텔코 대전둔산점,재방문 의사 있어요. 추천합니다.,4
REV00001017,telco 광주충장로,매장 직원이 친절했어요. 개통도 빨랐습니다.,1
REV00001018,텔코 수원역점,매장 직원이 친절했어요. 개통도 빨랐습니다.,1
REV00001019,텔코 대전둔산점,요금제 설명이 좀 부족했네요. 그래도 만족합니다.,5
REV00001020,텔코강남점,신호가 약한 지역인데 안내가 좋았습니다.,2
REV00001021,텔코 대전둔산점,매장 직원이 친절했어요. 개통도 빨랐습니다.,1
REV00001022,텔코 수원역점,하은정 점장님이 추천해준 요금제 아주 만족스러워요.,4
REV00001023,텔코스토어 종로,매장 직원이 친절했어요. 개통도 빨랐습니다.,4
REV00001024,텔코강남점,재방문 의사 있어요. 추천합니다.,5
REV00001025,텔코플라자 부산서면,대기 시간이 길었지만 처리는 깔끔했어요.,2
REV00001026,텔코스토어 종로,상담사 박하윤님 덕분에 빠르게 해결했어요. 직통 010-8104-4962 공유받음.,5
REV00001027,telco 광주충장로,상담사 민현정님 덕분에 빠르게 해결했어요. 직통 010-5474-8171 공유받음.,4
REV00001028,telco 광주충장로,요금제 설명이 좀 부족했네요. 그래도 만족합니다.,5
REV00001029,텔코 수원역점,가격이 합리적이고 사은품도 좋았습니다.,1
REV00001030,텔코 수원역점,매장 직원이 친절했어요. 개통도 빨랐습니다.,3
REV00001031,텔코플라자 부산서면,대기 시간이 길었지만 처리는 깔끔했어요.,3
REV00001032,telco 광주충장로,가격이 합리적이고 사은품도 좋았습니다.,5
REV00001033,텔코스토어 종로,상담사 박춘자님 덕분에 빠르게 해결했어요. 직통 010-5956-1912 공유받음.,4
REV00001034,텔코플라자 부산서면,가격이 합리적이고 사은품도 좋았습니다.,4
REV00001035,텔코 수원역점,재방문 의사 있어요. 추천합니다.,2
REV00001036,telco 광주충장로,상담사 권승민님 덕분에 빠르게 해결했어요. 직통 01049518982 공유받음.,1
REV00001037,텔코스토어 종로,김정호 점장님이 추천해준 요금제 아주 만족스러워요.,5
REV00001038,텔코스토어 종로,신호가 약한 지역인데 안내가 좋았습니다.,2
REV00001039,텔코스토어 종로,가격이 합리적이고 사은품도 좋았습니다.,4
REV00001040,텔코 수원역점,이정수 점장님이 추천해준 요금제 아주 만족스러워요.,1
REV00001041,telco 광주충장로,한선영 점장님이 추천해준 요금제 아주 만족스러워요.,3
REV00001042,텔코플라자 부산서면,가격이 합리적이고 사은품도 좋았습니다.,4
REV00001043,텔코강남점,요금제 설명이 좀 부족했네요. 그래도 만족합니다.,2
REV00001044,텔코플라자 부산서면,이상훈 점장님이 추천해준 요금제 아주 만족스러워요.,5
REV00001045,텔코 수원역점,상담사 한병철님 덕분에 빠르게 해결했어요. 직통 010-7340-4931 공유받음.,5
REV00001046,텔코 대전둔산점,김현숙 점장님이 추천해준 요금제 아주 만족스러워요.,5
REV00001047,텔코스토어 종로,재방문 의사 있어요. 추천합니다.,2
REV00001048,텔코 수원역점,가격이 합리적이고 사은품도 좋았습니다.,1
REV00001049,telco 광주충장로,재방문 의사 있어요. 추천합니다.,5
REV00001050,텔코스토어 종로,가격이 합리적이고 사은품도 좋았습니다.,3
REV00001051,텔코플라자 부산서면,신호가 약한 지역인데 안내가 좋았습니다.,3
REV00001052,텔코스토어 종로,매장 직원이 친절했어요. 개통도 빨랐습니다.,3
REV00001053,텔코플라자 부산서면,대기 시간이 길었지만 처리는 깔끔했어요.,5
REV00001054,telco 광주충장로,대기 시간이 길었지만 처리는 깔끔했어요.,3
REV00001055,텔코강남점,요금제 설명이 좀 부족했네요. 그래도 만족합니다.,2
REV00001056,텔코스토어 종로,대기 시간이 길었지만 처리는 깔끔했어요.,5
REV00001057,텔코플라자 부산서면,이아름 점장님이 추천해준 요금제 아주 만족스러워요.,2
REV00001058,telco 광주충장로,박옥순 점장님이 추천해준 요금제 아주 만족스러워요.,5
REV00001059,텔코 대전둔산점,신호가 약한 지역인데 안내가 좋았습니다.,1
REV00001060,텔코 대전둔산점,장예진 점장님이 추천해준 요금제 아주 만족스러워요.,5
REV00001061,텔코스토어 종로,재방문 의사 있어요. 추천합니다.,4
REV00001062,telco 광주충장로,매장 직원이 친절했어요. 개통도 빨랐습니다.,1
REV00001063,텔코플라자 부산서면,대기 시간이 길었지만 처리는 깔끔했어요.,4
REV00001064,텔코 수원역점,홍경숙 점장님이 추천해준 요금제 아주 만족스러워요.,1
REV00001065,telco 광주충장로,상담사 이순옥님 덕분에 빠르게 해결했어요. 직통 01051135267 공유받음.,2
REV00001066,텔코 대전둔산점,매장 직원이 친절했어요. 개통도 빨랐습니다.,1
REV00001067,텔코스토어 종로,상담사 김경수님 덕분에 빠르게 해결했어요. 직통 010-8244-3050 공유받음.,5
REV00001068,텔코 수원역점,요금제 설명이 좀 부족했네요. 그래도 만족합니다.,3
REV00001069,텔코스토어 종로,재방문 의사 있어요. 추천합니다.,1
REV00001070,텔코스토어 종로,최민서 점장님이 추천해준 요금제 아주 만족스러워요.,3
REV00001071,텔코 대전둔산점,지정남 점장님이 추천해준 요금제 아주 만족스러워요.,1
REV00001072,텔코스토어 종로,재방문 의사 있어요. 추천합니다.,4
REV00001073,텔코플라자 부산서면,가격이 합리적이고 사은품도 좋았습니다.,2
REV00001074,텔코 대전둔산점,요금제 설명이 좀 부족했네요. 그래도 만족합니다.,1
REV00001075,텔코플라자 부산서면,김수진 점장님이 추천해준 요금제 아주 만족스러워요.,5
REV00001076,텔코 수원역점,대기 시간이 길었지만 처리는 깔끔했어요.,2
REV00001077,텔코강남점,가격이 합리적이고 사은품도 좋았습니다.,2
REV00001078,텔코 수원역점,대기 시간이 길었지만 처리는 깔끔했어요.,5
REV00001079,텔코강남점,상담사 오병철님 덕분에 빠르게 해결했어요. 직통 010-3813-8868 공유받음.,1
REV00001080,텔코 대전둔산점,가격이 합리적이고 사은품도 좋았습니다.,2
REV00001081,텔코 수원역점,매장 직원이 친절했어요. 개통도 빨랐습니다.,1
REV00001082,telco 광주충장로,대기 시간이 길었지만 처리는 깔끔했어요.,4
REV00001083,텔코플라자 부산서면,상담사 박지우님 덕분에 빠르게 해결했어요. 직통 010-5423-9896 공유받음.,4
REV00001084,텔코 수원역점,가격이 합리적이고 사은품도 좋았습니다.,1
REV00001085,텔코강남점,요금제 설명이 좀 부족했네요. 그래도 만족합니다.,5
REV00001086,텔코스토어 종로,오준호 점장님이 추천해준 요금제 아주 만족스러워요.,1
REV00001087,텔코스토어 종로,재방문 의사 있어요. 추천합니다.,5
REV00001088,텔코스토어 종로,이민재 점장님이 추천해준 요금제 아주 만족스러워요.,5
REV00001089,텔코플라자 부산서면,매장 직원이 친절했어요. 개통도 빨랐습니다.,4
REV00001090,텔코 대전둔산점,상담사 이경희님 덕분에 빠르게 해결했어요. 직통 010-1575-5038 공유받음.,2
REV00001091,텔코강남점,대기 시간이 길었지만 처리는 깔끔했어요.,5
REV00001092,텔코스토어 종로,매장 직원이 친절했어요. 개통도 빨랐습니다.,5
REV00001093,텔코 대전둔산점,재방문 의사 있어요. 추천합니다.,3
REV00001094,텔코강남점,신호가 약한 지역인데 안내가 좋았습니다.,3
REV00001095,텔코강남점,재방문 의사 있어요. 추천합니다.,4
REV00001096,텔코 대전둔산점,최은영 점장님이 추천해준 요금제 아주 만족스러워요.,1
REV00001097,텔코스토어 종로,상담사 박영진님 덕분에 빠르게 해결했어요. 직통 010-7242-8273 공유받음.,5
REV00001098,텔코 대전둔산점,가격이 합리적이고 사은품도 좋았습니다.,3
REV00001099,텔코스토어 종로,요금제 설명이 좀 부족했네요. 그래도 만족합니다.,1
REV00001100,텔코스토어 종로,가격이 합리적이고 사은품도 좋았습니다.,3
REV00001101,텔코플라자 부산서면,매장 직원이 친절했어요. 개통도 빨랐습니다.,4
REV00001102,텔코 수원역점,대기 시간이 길었지만 처리는 깔끔했어요.,4
REV00001103,텔코 수원역점,상담사 김예은님 덕분에 빠르게 해결했어요. 직통 010-6768-8733 공유받음.,3
REV00001104,텔코 대전둔산점,매장 직원이 친절했어요. 개통도 빨랐습니다.,4
REV00001105,telco 광주충장로,상담사 김현숙님 덕분에 빠르게 해결했어요. 직통 010-8892-2396 공유받음.,4
REV00001106,텔코 수원역점,가격이 합리적이고 사은품도 좋았습니다.,3
REV00001107,텔코스토어 종로,요금제 설명이 좀 부족했네요. 그래도 만족합니다.,1
REV00001108,텔코강남점,상담사 김준영님 덕분에 빠르게 해결했어요. 직통 010-1274-8214 공유받음.,5
REV00001109,telco 광주충장로,재방문 의사 있어요. 추천합니다.,2
REV00001110,텔코강남점,재방문 의사 있어요. 추천합니다.,3
REV00001111,telco 광주충장로,요금제 설명이 좀 부족했네요. 그래도 만족합니다.,4
REV00001112,텔코스토어 종로,신호가 약한 지역인데 안내가 좋았습니다.,2
REV00001113,텔코강남점,요금제 설명이 좀 부족했네요. 그래도 만족합니다.,1
REV00001114,텔코스토어 종로,재방문 의사 있어요. 추천합니다.,5
REV00001115,텔코강남점,가격이 합리적이고 사은품도 좋았습니다.,2
REV00001116,텔코 수원역점,가격이 합리적이고 사은품도 좋았습니다.,4
REV00001117,telco 광주충장로,최영철 점장님이 추천해준 요금제 아주 만족스러워요.,1
REV00001118,텔코강남점,신호가 약한 지역인데 안내가 좋았습니다.,3
REV00001119,텔코강남점,재방문 의사 있어요. 추천합니다.,3
REV00001120,텔코 대전둔산점,가격이 합리적이고 사은품도 좋았습니다.,2
REV00001121,텔코스토어 종로,신호가 약한 지역인데 안내가 좋았습니다.,3
REV00001122,텔코강남점,신호가 약한 지역인데 안내가 좋았습니다.,2
REV00001123,텔코스토어 종로,매장 직원이 친절했어요. 개통도 빨랐습니다.,2
REV00001124,텔코스토어 종로,가격이 합리적이고 사은품도 좋았습니다.,5
REV00001125,텔코 수원역점,신호가 약한 지역인데 안내가 좋았습니다.,1
REV00001126,텔코 수원역점,신호가 약한 지역인데 안내가 좋았습니다.,1
REV00001127,텔코스토어 종로,요금제 설명이 좀 부족했네요. 그래도 만족합니다.,5
REV00001128,telco 광주충장로,이경숙 점장님이 추천해준 요금제 아주 만족스러워요.,2
REV00001129,텔코스토어 종로,매장 직원이 친절했어요. 개통도 빨랐습니다.,2
REV00001130,텔코 대전둔산점,요금제 설명이 좀 부족했네요. 그래도 만족합니다.,3
REV00001131,텔코강남점,김예진 점장님이 추천해준 요금제 아주 만족스러워요.,3
REV00001132,텔코플라자 부산서면,요금제 설명이 좀 부족했네요. 그래도 만족합니다.,4
REV00001133,텔코플라자 부산서면,재방문 의사 있어요. 추천합니다.,5
REV00001134,텔코 대전둔산점,매장 직원이 친절했어요. 개통도 빨랐습니다.,2
REV00001135,텔코 수원역점,가격이 합리적이고 사은품도 좋았습니다.,1
REV00001136,텔코 대전둔산점,요금제 설명이 좀 부족했네요. 그래도 만족합니다.,4
REV00001137,텔코 수원역점,가격이 합리적이고 사은품도 좋았습니다.,4
REV00001138,텔코강남점,신호가 약한 지역인데 안내가 좋았습니다.,3
REV00001139,텔코 대전둔산점,재방문 의사 있어요. 추천합니다.,3
REV00001140,텔코플라자 부산서면,요금제 설명이 좀 부족했네요. 그래도 만족합니다.,4
REV00001141,텔코 수원역점,신호가 약한 지역인데 안내가 좋았습니다.,5
REV00001142,텔코 수원역점,김지훈 점장님이 추천해준 요금제 아주 만족스러워요.,1
REV00001143,텔코 대전둔산점,김지현 점장님이 추천해준 요금제 아주 만족스러워요.,1
REV00001144,텔코 대전둔산점,가격이 합리적이고 사은품도 좋았습니다.,2
REV00001145,텔코플라자 부산서면,요금제 설명이 좀 부족했네요. 그래도 만족합니다.,4
REV00001146,telco 광주충장로,박채원 점장님이 추천해준 요금제 아주 만족스러워요.,3
REV00001147,텔코 수원역점,재방문 의사 있어요. 추천합니다.,3
REV00001148,텔코강남점,가격이 합리적이고 사은품도 좋았습니다.,3
REV00001149,텔코 수원역점,가격이 합리적이고 사은품도 좋았습니다.,4
REV00001150,텔코 대전둔산점,대기 시간이 길었지만 처리는 깔끔했어요.,1
REV00001151,telco 광주충장로,신호가 약한 지역인데 안내가 좋았습니다.,5
REV00001152,텔코 수원역점,매장 직원이 친절했어요. 개통도 빨랐습니다.,5
REV00001153,텔코 수원역점,이성수 점장님이 추천해준 요금제 아주 만족스러워요.,1
REV00001154,텔코 수원역점,대기 시간이 길었지만 처리는 깔끔했어요.,4
REV00001155,텔코강남점,매장 직원이 친절했어요. 개통도 빨랐습니다.,1
REV00001156,텔코강남점,상담사 이혜진님 덕분에 빠르게 해결했어요. 직통 010-7219-2558 공유받음.,2
REV00001157,telco 광주충장로,류영호 점장님이 추천해준 요금제 아주 만족스러워요.,5
REV00001158,telco 광주충장로,요금제 설명이 좀 부족했네요. 그래도 만족합니다.,4
REV00001159,텔코강남점,재방문 의사 있어요. 추천합니다.,3
REV00001160,텔코강남점,요금제 설명이 좀 부족했네요. 그래도 만족합니다.,1
REV00001161,텔코스토어 종로,가격이 합리적이고 사은품도 좋았습니다.,5
REV00001162,텔코 수원역점,재방문 의사 있어요. 추천합니다.,2
REV00001163,telco 광주충장로,매장 직원이 친절했어요. 개통도 빨랐습니다.,3
REV00001164,telco 광주충장로,요금제 설명이 좀 부족했네요. 그래도 만족합니다.,1
REV00001165,텔코스토어 종로,매장 직원이 친절했어요. 개통도 빨랐습니다.,1
REV00001166,telco 광주충장로,신호가 약한 지역인데 안내가 좋았습니다.,1
REV00001167,telco 광주충장로,요금제 설명이 좀 부족했네요. 그래도 만족합니다.,3
REV00001168,텔코 대전둔산점,재방문 의사 있어요. 추천합니다.,1
REV00001169,telco 광주충장로,상담사 이경희님 덕분에 빠르게 해결했어요. 직통 010-7752-8124 공유받음.,2
REV00001170,텔코스토어 종로,대기 시간이 길었지만 처리는 깔끔했어요.,1
REV00001171,텔코강남점,대기 시간이 길었지만 처리는 깔끔했어요.,1
REV00001172,텔코 대전둔산점,매장 직원이 친절했어요. 개통도 빨랐습니다.,3
REV00001173,텔코 대전둔산점,재방문 의사 있어요. 추천합니다.,3
REV00001174,telco 광주충장로,재방문 의사 있어요. 추천합니다.,3
REV00001175,텔코강남점,대기 시간이 길었지만 처리는 깔끔했어요.,2
REV00001176,telco 광주충장로,매장 직원이 친절했어요. 개통도 빨랐습니다.,4
REV00001177,텔코스토어 종로,요금제 설명이 좀 부족했네요. 그래도 만족합니다.,1
REV00001178,텔코스토어 종로,가격이 합리적이고 사은품도 좋았습니다.,5
REV00001179,텔코 대전둔산점,재방문 의사 있어요. 추천합니다.,5
REV00001180,텔코 대전둔산점,요금제 설명이 좀 부족했네요. 그래도 만족합니다.,2
REV00001181,telco 광주충장로,상담사 김지영님 덕분에 빠르게 해결했어요. 직통 010-4488-6114 공유받음.,2
REV00001182,텔코 수원역점,김정순 점장님이 추천해준 요금제 아주 만족스러워요.,3
REV00001183,텔코강남점,상담사 김미정님 덕분에 빠르게 해결했어요. 직통 01051497806 공유받음.,1
REV00001184,텔코 대전둔산점,상담사 이지우님 덕분에 빠르게 해결했어요. 직통 01029473730 공유받음.,2
REV00001185,telco 광주충장로,김은정 점장님이 추천해준 요금제 아주 만족스러워요.,4
REV00001186,텔코 대전둔산점,신호가 약한 지역인데 안내가 좋았습니다.,4
REV00001187,텔코플라자 부산서면,대기 시간이 길었지만 처리는 깔끔했어요.,5
REV00001188,telco 광주충장로,매장 직원이 친절했어요. 개통도 빨랐습니다.,5
REV00001189,텔코스토어 종로,매장 직원이 친절했어요. 개통도 빨랐습니다.,1
REV00001190,텔코 대전둔산점,요금제 설명이 좀 부족했네요. 그래도 만족합니다.,1
REV00001191,telco 광주충장로,매장 직원이 친절했어요. 개통도 빨랐습니다.,5
REV00001192,텔코강남점,상담사 김영미님 덕분에 빠르게 해결했어요. 직통 010-4527-8470 공유받음.,1
REV00001193,텔코플라자 부산서면,요금제 설명이 좀 부족했네요. 그래도 만족합니다.,1
REV00001194,텔코강남점,신호가 약한 지역인데 안내가 좋았습니다.,4
REV00001195,텔코강남점,요금제 설명이 좀 부족했네요. 그래도 만족합니다.,5
REV00001196,텔코 대전둔산점,대기 시간이 길었지만 처리는 깔끔했어요.,5
REV00001197,텔코강남점,대기 시간이 길었지만 처리는 깔끔했어요.,2
REV00001198,텔코강남점,요금제 설명이 좀 부족했네요. 그래도 만족합니다.,3
REV00001199,텔코 수원역점,신호가 약한 지역인데 안내가 좋았습니다.,2
REV00001200,텔코 수원역점,매장 직원이 친절했어요. 개통도 빨랐습니다.,3
REV00001201,텔코강남점,대기 시간이 길었지만 처리는 깔끔했어요.,5
REV00001202,텔코강남점,매장 직원이 친절했어요. 개통도 빨랐습니다.,2
REV00001203,텔코플라자 부산서면,박수빈 점장님이 추천해준 요금제 아주 만족스러워요.,3
REV00001204,텔코스토어 종로,상담사 이경숙님 덕분에 빠르게 해결했어요. 직통 01084035051 공유받음.,3
REV00001205,텔코 수원역점,대기 시간이 길었지만 처리는 깔끔했어요.,5
REV00001206,텔코 대전둔산점,가격이 합리적이고 사은품도 좋았습니다.,1
REV00001207,telco 광주충장로,신호가 약한 지역인데 안내가 좋았습니다.,5
REV00001208,텔코 수원역점,대기 시간이 길었지만 처리는 깔끔했어요.,4
REV00001209,텔코강남점,가격이 합리적이고 사은품도 좋았습니다.,2
REV00001210,텔코 대전둔산점,가격이 합리적이고 사은품도 좋았습니다.,2
REV00001211,텔코 수원역점,상담사 이현지님 덕분에 빠르게 해결했어요. 직통 01068688072 공유받음.,3
REV00001212,텔코강남점,상담사 김중수님 덕분에 빠르게 해결했어요. 직통 010-5889-5341 공유받음.,2
REV00001213,텔코스토어 종로,신호가 약한 지역인데 안내가 좋았습니다.,3
REV00001214,텔코플라자 부산서면,매장 직원이 친절했어요. 개통도 빨랐습니다.,1
REV00001215,텔코 대전둔산점,신호가 약한 지역인데 안내가 좋았습니다.,4
REV00001216,텔코스토어 종로,김수빈 점장님이 추천해준 요금제 아주 만족스러워요.,4
REV00001217,텔코스토어 종로,요금제 설명이 좀 부족했네요. 그래도 만족합니다.,5
REV00001218,telco 광주충장로,가격이 합리적이고 사은품도 좋았습니다.,4
REV00001219,텔코플라자 부산서면,대기 시간이 길었지만 처리는 깔끔했어요.,2
REV00001220,텔코플라자 부산서면,오민준 점장님이 추천해준 요금제 아주 만족스러워요.,3
REV00001221,텔코스토어 종로,요금제 설명이 좀 부족했네요. 그래도 만족합니다.,5
REV00001222,텔코강남점,상담사 이미경님 덕분에 빠르게 해결했어요. 직통 01064088689 공유받음.,5
REV00001223,텔코 대전둔산점,매장 직원이 친절했어요. 개통도 빨랐습니다.,2
REV00001224,telco 광주충장로,김중수 점장님이 추천해준 요금제 아주 만족스러워요.,1
REV00001225,텔코 대전둔산점,상담사 우준서님 덕분에 빠르게 해결했어요. 직통 010-6394-6196 공유받음.,5
REV00001226,텔코강남점,가격이 합리적이고 사은품도 좋았습니다.,1
REV00001227,텔코스토어 종로,요금제 설명이 좀 부족했네요. 그래도 만족합니다.,1
REV00001228,텔코강남점,요금제 설명이 좀 부족했네요. 그래도 만족합니다.,4
REV00001229,telco 광주충장로,매장 직원이 친절했어요. 개통도 빨랐습니다.,3
REV00001230,telco 광주충장로,신호가 약한 지역인데 안내가 좋았습니다.,4
REV00001231,텔코 대전둔산점,상담사 최정수님 덕분에 빠르게 해결했어요. 직통 010-8827-4406 공유받음.,2
REV00001232,텔코강남점,재방문 의사 있어요. 추천합니다.,3
REV00001233,텔코강남점,요금제 설명이 좀 부족했네요. 그래도 만족합니다.,2
REV00001234,텔코 대전둔산점,대기 시간이 길었지만 처리는 깔끔했어요.,2
REV00001235,텔코플라자 부산서면,신호가 약한 지역인데 안내가 좋았습니다.,5
REV00001236,telco 광주충장로,재방문 의사 있어요. 추천합니다.,1
REV00001237,텔코강남점,박현숙 점장님이 추천해준 요금제 아주 만족스러워요.,3
REV00001238,텔코 수원역점,신호가 약한 지역인데 안내가 좋았습니다.,5
REV00001239,텔코 수원역점,신호가 약한 지역인데 안내가 좋았습니다.,5
REV00001240,텔코스토어 종로,신호가 약한 지역인데 안내가 좋았습니다.,4
REV00001241,텔코 수원역점,상담사 손수빈님 덕분에 빠르게 해결했어요. 직통 01062398361 공유받음.,3
REV00001242,텔코 대전둔산점,대기 시간이 길었지만 처리는 깔끔했어요.,4
REV00001243,텔코 수원역점,재방문 의사 있어요. 추천합니다.,3
REV00001244,텔코강남점,김광수 점장님이 추천해준 요금제 아주 만족스러워요.,3
REV00001245,텔코스토어 종로,요금제 설명이 좀 부족했네요. 그래도 만족합니다.,2
REV00001246,텔코 수원역점,매장 직원이 친절했어요. 개통도 빨랐습니다.,3
REV00001247,텔코스토어 종로,오종수 점장님이 추천해준 요금제 아주 만족스러워요.,4
REV00001248,텔코강남점,대기 시간이 길었지만 처리는 깔끔했어요.,3
REV00001249,telco 광주충장로,요금제 설명이 좀 부족했네요. 그래도 만족합니다.,1
REV00001250,텔코플라자 부산서면,가격이 합리적이고 사은품도 좋았습니다.,3
REV00001251,텔코플라자 부산서면,매장 직원이 친절했어요. 개통도 빨랐습니다.,1
REV00001252,텔코강남점,요금제 설명이 좀 부족했네요. 그래도 만족합니다.,3
REV00001253,telco 광주충장로,상담사 김지혜님 덕분에 빠르게 해결했어요. 직통 010-2576-1834 공유받음.,3
REV00001254,텔코 수원역점,가격이 합리적이고 사은품도 좋았습니다.,4
REV00001255,telco 광주충장로,매장 직원이 친절했어요. 개통도 빨랐습니다.,1
REV00001256,텔코 수원역점,가격이 합리적이고 사은품도 좋았습니다.,2
REV00001257,텔코스토어 종로,매장 직원이 친절했어요. 개통도 빨랐습니다.,2
REV00001258,텔코스토어 종로,요금제 설명이 좀 부족했네요. 그래도 만족합니다.,3
REV00001259,텔코스토어 종로,매장 직원이 친절했어요. 개통도 빨랐습니다.,3
REV00001260,텔코강남점,신호가 약한 지역인데 안내가 좋았습니다.,1
REV00001261,텔코스토어 종로,요금제 설명이 좀 부족했네요. 그래도 만족합니다.,1
REV00001262,텔코플라자 부산서면,대기 시간이 길었지만 처리는 깔끔했어요.,3
REV00001263,텔코강남점,대기 시간이 길었지만 처리는 깔끔했어요.,2
REV00001264,텔코스토어 종로,매장 직원이 친절했어요. 개통도 빨랐습니다.,2
REV00001265,telco 광주충장로,재방문 의사 있어요. 추천합니다.,5
REV00001266,텔코스토어 종로,매장 직원이 친절했어요. 개통도 빨랐습니다.,4
REV00001267,텔코 대전둔산점,요금제 설명이 좀 부족했네요. 그래도 만족합니다.,3
REV00001268,텔코 대전둔산점,권예준 점장님이 추천해준 요금제 아주 만족스러워요.,2
REV00001269,텔코 수원역점,상담사 이정순님 덕분에 빠르게 해결했어요. 직통 010-5427-2063 공유받음.,5
REV00001270,텔코강남점,상담사 김은영님 덕분에 빠르게 해결했어요. 직통 010-6425-2096 공유받음.,2
REV00001271,텔코강남점,매장 직원이 친절했어요. 개통도 빨랐습니다.,1
REV00001272,텔코스토어 종로,신호가 약한 지역인데 안내가 좋았습니다.,3
REV00001273,텔코플라자 부산서면,상담사 이정숙님 덕분에 빠르게 해결했어요. 직통 010-8540-8676 공유받음.,4
REV00001274,텔코 수원역점,문지훈 점장님이 추천해준 요금제 아주 만족스러워요.,4
REV00001275,텔코플라자 부산서면,요금제 설명이 좀 부족했네요. 그래도 만족합니다.,4
REV00001276,telco 광주충장로,요금제 설명이 좀 부족했네요. 그래도 만족합니다.,2
REV00001277,텔코 수원역점,신호가 약한 지역인데 안내가 좋았습니다.,1
REV00001278,텔코강남점,매장 직원이 친절했어요. 개통도 빨랐습니다.,2
REV00001279,텔코플라자 부산서면,대기 시간이 길었지만 처리는 깔끔했어요.,2
REV00001280,텔코 수원역점,상담사 안현숙님 덕분에 빠르게 해결했어요. 직통 01062271413 공유받음.,2
REV00001281,텔코 수원역점,대기 시간이 길었지만 처리는 깔끔했어요.,4
REV00001282,텔코 수원역점,재방문 의사 있어요. 추천합니다.,2
REV00001283,텔코플라자 부산서면,윤지현 점장님이 추천해준 요금제 아주 만족스러워요.,3
REV00001284,텔코스토어 종로,요금제 설명이 좀 부족했네요. 그래도 만족합니다.,4
REV00001285,telco 광주충장로,상담사 강수진님 덕분에 빠르게 해결했어요. 직통 010-8259-7920 공유받음.,2
REV00001286,텔코플라자 부산서면,재방문 의사 있어요. 추천합니다.,1
REV00001287,telco 광주충장로,가격이 합리적이고 사은품도 좋았습니다.,3
REV00001288,텔코스토어 종로,상담사 강은경님 덕분에 빠르게 해결했어요. 직통 010-6661-8459 공유받음.,4
REV00001289,텔코플라자 부산서면,대기 시간이 길었지만 처리는 깔끔했어요.,4
REV00001290,telco 광주충장로,신호가 약한 지역인데 안내가 좋았습니다.,3
REV00001291,텔코 수원역점,매장 직원이 친절했어요. 개통도 빨랐습니다.,5
REV00001292,telco 광주충장로,요금제 설명이 좀 부족했네요. 그래도 만족합니다.,3
REV00001293,텔코 대전둔산점,신호가 약한 지역인데 안내가 좋았습니다.,3
REV00001294,텔코 대전둔산점,재방문 의사 있어요. 추천합니다.,3
REV00001295,텔코강남점,매장 직원이 친절했어요. 개통도 빨랐습니다.,5
REV00001296,텔코 수원역점,매장 직원이 친절했어요. 개통도 빨랐습니다.,5
REV00001297,텔코 대전둔산점,신호가 약한 지역인데 안내가 좋았습니다.,2
REV00001298,텔코강남점,재방문 의사 있어요. 추천합니다.,5
REV00001299,telco 광주충장로,신호가 약한 지역인데 안내가 좋았습니다.,2
REV00001300,telco 광주충장로,안채원 점장님이 추천해준 요금제 아주 만족스러워요.,3
REV00001301,텔코스토어 종로,요금제 설명이 좀 부족했네요. 그래도 만족합니다.,5
REV00001302,텔코강남점,신호가 약한 지역인데 안내가 좋았습니다.,5
REV00001303,telco 광주충장로,요금제 설명이 좀 부족했네요. 그래도 만족합니다.,3
REV00001304,텔코플라자 부산서면,신호가 약한 지역인데 안내가 좋았습니다.,3
REV00001305,텔코스토어 종로,재방문 의사 있어요. 추천합니다.,2
REV00001306,telco 광주충장로,대기 시간이 길었지만 처리는 깔끔했어요.,4
REV00001307,telco 광주충장로,신호가 약한 지역인데 안내가 좋았습니다.,5
REV00001308,telco 광주충장로,상담사 김정남님 덕분에 빠르게 해결했어요. 직통 010-1214-2271 공유받음.,2
REV00001309,텔코 수원역점,윤지혜 점장님이 추천해준 요금제 아주 만족스러워요.,1
REV00001310,텔코플라자 부산서면,상담사 김수민님 덕분에 빠르게 해결했어요. 직통 010-3286-8364 공유받음.,2
REV00001311,텔코강남점,서지원 점장님이 추천해준 요금제 아주 만족스러워요.,5
REV00001312,텔코강남점,대기 시간이 길었지만 처리는 깔끔했어요.,2
REV00001313,텔코플라자 부산서면,요금제 설명이 좀 부족했네요. 그래도 만족합니다.,1
REV00001314,텔코 수원역점,가격이 합리적이고 사은품도 좋았습니다.,3
REV00001315,텔코 수원역점,신호가 약한 지역인데 안내가 좋았습니다.,3
REV00001316,텔코플라자 부산서면,가격이 합리적이고 사은품도 좋았습니다.,3
REV00001317,텔코강남점,엄미경 점장님이 추천해준 요금제 아주 만족스러워요.,1
REV00001318,텔코 대전둔산점,상담사 노건우님 덕분에 빠르게 해결했어요. 직통 010-9872-1913 공유받음.,2
REV00001319,텔코강남점,재방문 의사 있어요. 추천합니다.,2
REV00001320,텔코 대전둔산점,신호가 약한 지역인데 안내가 좋았습니다.,2
REV00001321,telco 광주충장로,재방문 의사 있어요. 추천합니다.,3
REV00001322,텔코 수원역점,이현지 점장님이 추천해준 요금제 아주 만족스러워요.,5
REV00001323,텔코 대전둔산점,박지원 점장님이 추천해준 요금제 아주 만족스러워요.,4
REV00001324,텔코 대전둔산점,가격이 합리적이고 사은품도 좋았습니다.,4
REV00001325,텔코스토어 종로,재방문 의사 있어요. 추천합니다.,2
REV00001326,텔코플라자 부산서면,대기 시간이 길었지만 처리는 깔끔했어요.,3
REV00001327,telco 광주충장로,재방문 의사 있어요. 추천합니다.,5
REV00001328,텔코플라자 부산서면,신호가 약한 지역인데 안내가 좋았습니다.,4
REV00001329,텔코 대전둔산점,가격이 합리적이고 사은품도 좋았습니다.,2
REV00001330,텔코 수원역점,매장 직원이 친절했어요. 개통도 빨랐습니다.,5
REV00001331,텔코강남점,대기 시간이 길었지만 처리는 깔끔했어요.,2
REV00001332,텔코스토어 종로,요금제 설명이 좀 부족했네요. 그래도 만족합니다.,1
REV00001333,텔코플라자 부산서면,가격이 합리적이고 사은품도 좋았습니다.,2
REV00001334,텔코스토어 종로,신호가 약한 지역인데 안내가 좋았습니다.,4
REV00001335,텔코 수원역점,대기 시간이 길었지만 처리는 깔끔했어요.,2
REV00001336,텔코 수원역점,상담사 장성훈님 덕분에 빠르게 해결했어요. 직통 010-6671-6419 공유받음.,3
REV00001337,텔코강남점,가격이 합리적이고 사은품도 좋았습니다.,3
REV00001338,텔코강남점,요금제 설명이 좀 부족했네요. 그래도 만족합니다.,5
REV00001339,텔코플라자 부산서면,신호가 약한 지역인데 안내가 좋았습니다.,2
REV00001340,텔코 대전둔산점,재방문 의사 있어요. 추천합니다.,3
REV00001341,텔코스토어 종로,강재현 점장님이 추천해준 요금제 아주 만족스러워요.,5
REV00001342,텔코 대전둔산점,대기 시간이 길었지만 처리는 깔끔했어요.,3
REV00001343,텔코강남점,상담사 김보람님 덕분에 빠르게 해결했어요. 직통 010-9052-6865 공유받음.,3
REV00001344,텔코 대전둔산점,신호가 약한 지역인데 안내가 좋았습니다.,2
REV00001345,텔코스토어 종로,매장 직원이 친절했어요. 개통도 빨랐습니다.,4
REV00001346,telco 광주충장로,상담사 이성호님 덕분에 빠르게 해결했어요. 직통 010-5071-3256 공유받음.,1
REV00001347,텔코스토어 종로,매장 직원이 친절했어요. 개통도 빨랐습니다.,2
REV00001348,텔코 대전둔산점,대기 시간이 길었지만 처리는 깔끔했어요.,3
REV00001349,텔코강남점,대기 시간이 길었지만 처리는 깔끔했어요.,5
REV00001350,텔코강남점,매장 직원이 친절했어요. 개통도 빨랐습니다.,5
REV00001351,telco 광주충장로,매장 직원이 친절했어요. 개통도 빨랐습니다.,1
REV00001352,텔코스토어 종로,신호가 약한 지역인데 안내가 좋았습니다.,3
REV00001353,텔코 대전둔산점,요금제 설명이 좀 부족했네요. 그래도 만족합니다.,5
REV00001354,텔코스토어 종로,장현지 점장님이 추천해준 요금제 아주 만족스러워요.,2
REV00001355,텔코 대전둔산점,재방문 의사 있어요. 추천합니다.,5
REV00001356,텔코강남점,매장 직원이 친절했어요. 개통도 빨랐습니다.,5
REV00001357,텔코 수원역점,김혜진 점장님이 추천해준 요금제 아주 만족스러워요.,5
REV00001358,telco 광주충장로,매장 직원이 친절했어요. 개통도 빨랐습니다.,5
REV00001359,텔코 수원역점,상담사 김지아님 덕분에 빠르게 해결했어요. 직통 01040033164 공유받음.,2
REV00001360,텔코 대전둔산점,매장 직원이 친절했어요. 개통도 빨랐습니다.,5
REV00001361,텔코플라자 부산서면,이영순 점장님이 추천해준 요금제 아주 만족스러워요.,2
REV00001362,텔코 대전둔산점,요금제 설명이 좀 부족했네요. 그래도 만족합니다.,1
REV00001363,telco 광주충장로,신호가 약한 지역인데 안내가 좋았습니다.,4
REV00001364,텔코 대전둔산점,가격이 합리적이고 사은품도 좋았습니다.,5
REV00001365,텔코스토어 종로,매장 직원이 친절했어요. 개통도 빨랐습니다.,1
REV00001366,텔코강남점,신호가 약한 지역인데 안내가 좋았습니다.,1
REV00001367,텔코스토어 종로,대기 시간이 길었지만 처리는 깔끔했어요.,4
REV00001368,telco 광주충장로,상담사 강미숙님 덕분에 빠르게 해결했어요. 직통 010-7951-3724 공유받음.,4
REV00001369,텔코 수원역점,가격이 합리적이고 사은품도 좋았습니다.,4
REV00001370,텔코 대전둔산점,상담사 박지현님 덕분에 빠르게 해결했어요. 직통 010-9810-5179 공유받음.,4
REV00001371,텔코강남점,대기 시간이 길었지만 처리는 깔끔했어요.,2
REV00001372,telco 광주충장로,재방문 의사 있어요. 추천합니다.,4
REV00001373,텔코 대전둔산점,대기 시간이 길었지만 처리는 깔끔했어요.,3
REV00001374,telco 광주충장로,매장 직원이 친절했어요. 개통도 빨랐습니다.,2
REV00001375,텔코 대전둔산점,대기 시간이 길었지만 처리는 깔끔했어요.,1
REV00001376,텔코강남점,요금제 설명이 좀 부족했네요. 그래도 만족합니다.,2
REV00001377,텔코 대전둔산점,대기 시간이 길었지만 처리는 깔끔했어요.,5
REV00001378,텔코플라자 부산서면,김지은 점장님이 추천해준 요금제 아주 만족스러워요.,2
REV00001379,텔코스토어 종로,요금제 설명이 좀 부족했네요. 그래도 만족합니다.,2
REV00001380,telco 광주충장로,가격이 합리적이고 사은품도 좋았습니다.,2
REV00001381,텔코 수원역점,재방문 의사 있어요. 추천합니다.,5
REV00001382,텔코 대전둔산점,강지원 점장님이 추천해준 요금제 아주 만족스러워요.,5
REV00001383,텔코 수원역점,대기 시간이 길었지만 처리는 깔끔했어요.,4
REV00001384,telco 광주충장로,상담사 김경자님 덕분에 빠르게 해결했어요. 직통 010-5441-7076 공유받음.,4
REV00001385,telco 광주충장로,대기 시간이 길었지만 처리는 깔끔했어요.,5
REV00001386,텔코스토어 종로,박숙자 점장님이 추천해준 요금제 아주 만족스러워요.,1
REV00001387,텔코강남점,요금제 설명이 좀 부족했네요. 그래도 만족합니다.,5
REV00001388,텔코강남점,매장 직원이 친절했어요. 개통도 빨랐습니다.,4
REV00001389,telco 광주충장로,재방문 의사 있어요. 추천합니다.,5
REV00001390,텔코 수원역점,윤민준 점장님이 추천해준 요금제 아주 만족스러워요.,3
REV00001391,텔코강남점,요금제 설명이 좀 부족했네요. 그래도 만족합니다.,3
REV00001392,텔코플라자 부산서면,신호가 약한 지역인데 안내가 좋았습니다.,1
REV00001393,텔코 수원역점,가격이 합리적이고 사은품도 좋았습니다.,1
REV00001394,텔코강남점,매장 직원이 친절했어요. 개통도 빨랐습니다.,5
REV00001395,텔코스토어 종로,상담사 최지원님 덕분에 빠르게 해결했어요. 직통 010-2368-9102 공유받음.,4
REV00001396,텔코강남점,대기 시간이 길었지만 처리는 깔끔했어요.,3
REV00001397,텔코플라자 부산서면,매장 직원이 친절했어요. 개통도 빨랐습니다.,4
REV00001398,텔코 수원역점,신호가 약한 지역인데 안내가 좋았습니다.,3
REV00001399,telco 광주충장로,신호가 약한 지역인데 안내가 좋았습니다.,5
REV00001400,telco 광주충장로,매장 직원이 친절했어요. 개통도 빨랐습니다.,5
REV00001401,텔코스토어 종로,매장 직원이 친절했어요. 개통도 빨랐습니다.,5
REV00001402,텔코 대전둔산점,상담사 김승민님 덕분에 빠르게 해결했어요. 직통 010-4031-1272 공유받음.,4
REV00001403,telco 광주충장로,대기 시간이 길었지만 처리는 깔끔했어요.,2
REV00001404,telco 광주충장로,재방문 의사 있어요. 추천합니다.,2
REV00001405,텔코 수원역점,매장 직원이 친절했어요. 개통도 빨랐습니다.,3
REV00001406,telco 광주충장로,신호가 약한 지역인데 안내가 좋았습니다.,5
REV00001407,텔코스토어 종로,매장 직원이 친절했어요. 개통도 빨랐습니다.,4
REV00001408,텔코플라자 부산서면,최영수 점장님이 추천해준 요금제 아주 만족스러워요.,3
REV00001409,텔코스토어 종로,매장 직원이 친절했어요. 개통도 빨랐습니다.,2
REV00001410,텔코 수원역점,가격이 합리적이고 사은품도 좋았습니다.,1
REV00001411,텔코스토어 종로,이미영 점장님이 추천해준 요금제 아주 만족스러워요.,3
REV00001412,telco 광주충장로,재방문 의사 있어요. 추천합니다.,5
REV00001413,텔코 대전둔산점,재방문 의사 있어요. 추천합니다.,4
REV00001414,텔코강남점,가격이 합리적이고 사은품도 좋았습니다.,2
REV00001415,텔코 수원역점,재방문 의사 있어요. 추천합니다.,2
REV00001416,telco 광주충장로,요금제 설명이 좀 부족했네요. 그래도 만족합니다.,5
REV00001417,텔코 대전둔산점,요금제 설명이 좀 부족했네요. 그래도 만족합니다.,3
REV00001418,텔코플라자 부산서면,신호가 약한 지역인데 안내가 좋았습니다.,4
REV00001419,텔코플라자 부산서면,대기 시간이 길었지만 처리는 깔끔했어요.,3
REV00001420,텔코강남점,대기 시간이 길었지만 처리는 깔끔했어요.,2
REV00001421,텔코 수원역점,남도윤 점장님이 추천해준 요금제 아주 만족스러워요.,1
REV00001422,텔코강남점,대기 시간이 길었지만 처리는 깔끔했어요.,5
REV00001423,텔코스토어 종로,상담사 손지은님 덕분에 빠르게 해결했어요. 직통 010-2973-2963 공유받음.,2
REV00001424,텔코강남점,재방문 의사 있어요. 추천합니다.,3
REV00001425,텔코강남점,매장 직원이 친절했어요. 개통도 빨랐습니다.,5
REV00001426,telco 광주충장로,상담사 한성민님 덕분에 빠르게 해결했어요. 직통 010-1348-3865 공유받음.,4
REV00001427,텔코 수원역점,매장 직원이 친절했어요. 개통도 빨랐습니다.,2
REV00001428,텔코강남점,신호가 약한 지역인데 안내가 좋았습니다.,4
REV00001429,텔코강남점,대기 시간이 길었지만 처리는 깔끔했어요.,4
REV00001430,텔코 수원역점,요금제 설명이 좀 부족했네요. 그래도 만족합니다.,2
REV00001431,텔코강남점,요금제 설명이 좀 부족했네요. 그래도 만족합니다.,3
REV00001432,telco 광주충장로,요금제 설명이 좀 부족했네요. 그래도 만족합니다.,2
REV00001433,텔코강남점,대기 시간이 길었지만 처리는 깔끔했어요.,5
REV00001434,telco 광주충장로,가격이 합리적이고 사은품도 좋았습니다.,5
REV00001435,텔코 수원역점,재방문 의사 있어요. 추천합니다.,5
REV00001436,텔코 수원역점,대기 시간이 길었지만 처리는 깔끔했어요.,2
REV00001437,텔코강남점,상담사 김정훈님 덕분에 빠르게 해결했어요. 직통 010-5704-1791 공유받음.,5
REV00001438,telco 광주충장로,요금제 설명이 좀 부족했네요. 그래도 만족합니다.,1
REV00001439,텔코 수원역점,가격이 합리적이고 사은품도 좋았습니다.,5
REV00001440,텔코강남점,이현우 점장님이 추천해준 요금제 아주 만족스러워요.,5
REV00001441,텔코스토어 종로,상담사 이명숙님 덕분에 빠르게 해결했어요. 직통 010-3415-4900 공유받음.,4
REV00001442,텔코 대전둔산점,신호가 약한 지역인데 안내가 좋았습니다.,2
REV00001443,텔코 대전둔산점,신호가 약한 지역인데 안내가 좋았습니다.,5
REV00001444,텔코 대전둔산점,상담사 이재호님 덕분에 빠르게 해결했어요. 직통 010-9527-9955 공유받음.,5
REV00001445,텔코스토어 종로,재방문 의사 있어요. 추천합니다.,5
REV00001446,텔코 대전둔산점,상담사 안상훈님 덕분에 빠르게 해결했어요. 직통 01034347455 공유받음.,4
REV00001447,텔코 대전둔산점,재방문 의사 있어요. 추천합니다.,4
REV00001448,텔코스토어 종로,신호가 약한 지역인데 안내가 좋았습니다.,5
REV00001449,텔코스토어 종로,매장 직원이 친절했어요. 개통도 빨랐습니다.,5
REV00001450,telco 광주충장로,신호가 약한 지역인데 안내가 좋았습니다.,2
REV00001451,텔코 수원역점,상담사 권승민님 덕분에 빠르게 해결했어요. 직통 010-1977-4749 공유받음.,5
REV00001452,텔코 대전둔산점,류정호 점장님이 추천해준 요금제 아주 만족스러워요.,4
REV00001453,telco 광주충장로,매장 직원이 친절했어요. 개통도 빨랐습니다.,3
REV00001454,텔코강남점,가격이 합리적이고 사은품도 좋았습니다.,4
REV00001455,텔코강남점,재방문 의사 있어요. 추천합니다.,1
REV00001456,텔코강남점,요금제 설명이 좀 부족했네요. 그래도 만족합니다.,5
REV00001457,텔코 대전둔산점,상담사 한유진님 덕분에 빠르게 해결했어요. 직통 01013404015 공유받음.,5
REV00001458,텔코 수원역점,박경수 점장님이 추천해준 요금제 아주 만족스러워요.,5
REV00001459,텔코강남점,이은영 점장님이 추천해준 요금제 아주 만족스러워요.,4
REV00001460,텔코스토어 종로,가격이 합리적이고 사은품도 좋았습니다.,2
REV00001461,텔코플라자 부산서면,가격이 합리적이고 사은품도 좋았습니다.,4
REV00001462,텔코스토어 종로,상담사 김영식님 덕분에 빠르게 해결했어요. 직통 010-9834-4014 공유받음.,4
REV00001463,텔코스토어 종로,가격이 합리적이고 사은품도 좋았습니다.,5
REV00001464,텔코플라자 부산서면,요금제 설명이 좀 부족했네요. 그래도 만족합니다.,2
REV00001465,텔코플라자 부산서면,가격이 합리적이고 사은품도 좋았습니다.,1
REV00001466,텔코강남점,상담사 김윤서님 덕분에 빠르게 해결했어요. 직통 010-7007-4388 공유받음.,1
REV00001467,telco 광주충장로,상담사 류상현님 덕분에 빠르게 해결했어요. 직통 01023979307 공유받음.,1
REV00001468,텔코강남점,상담사 이서연님 덕분에 빠르게 해결했어요. 직통 010-4359-3397 공유받음.,3
REV00001469,텔코 대전둔산점,매장 직원이 친절했어요. 개통도 빨랐습니다.,4
REV00001470,telco 광주충장로,상담사 김우진님 덕분에 빠르게 해결했어요. 직통 010-6178-6399 공유받음.,2
REV00001471,텔코강남점,재방문 의사 있어요. 추천합니다.,2
REV00001472,텔코강남점,재방문 의사 있어요. 추천합니다.,2
REV00001473,텔코스토어 종로,매장 직원이 친절했어요. 개통도 빨랐습니다.,4
REV00001474,텔코강남점,매장 직원이 친절했어요. 개통도 빨랐습니다.,2
REV00001475,텔코스토어 종로,신호가 약한 지역인데 안내가 좋았습니다.,2
REV00001476,텔코 수원역점,상담사 조영일님 덕분에 빠르게 해결했어요. 직통 01031577723 공유받음.,4
REV00001477,텔코플라자 부산서면,김명숙 점장님이 추천해준 요금제 아주 만족스러워요.,5
REV00001478,텔코 대전둔산점,상담사 백현정님 덕분에 빠르게 해결했어요. 직통 01073585109 공유받음.,2
REV00001479,텔코강남점,상담사 임경희님 덕분에 빠르게 해결했어요. 직통 01060233650 공유받음.,1
REV00001480,텔코 수원역점,요금제 설명이 좀 부족했네요. 그래도 만족합니다.,2
REV00001481,telco 광주충장로,가격이 합리적이고 사은품도 좋았습니다.,5
REV00001482,텔코플라자 부산서면,매장 직원이 친절했어요. 개통도 빨랐습니다.,4
REV00001483,텔코플라자 부산서면,요금제 설명이 좀 부족했네요. 그래도 만족합니다.,3
REV00001484,텔코스토어 종로,재방문 의사 있어요. 추천합니다.,4
REV00001485,텔코스토어 종로,매장 직원이 친절했어요. 개통도 빨랐습니다.,2
REV00001486,텔코스토어 종로,김우진 점장님이 추천해준 요금제 아주 만족스러워요.,3
REV00001487,텔코플라자 부산서면,매장 직원이 친절했어요. 개통도 빨랐습니다.,1
REV00001488,텔코강남점,대기 시간이 길었지만 처리는 깔끔했어요.,1
REV00001489,텔코 대전둔산점,대기 시간이 길었지만 처리는 깔끔했어요.,2
REV00001490,텔코 수원역점,김상훈 점장님이 추천해준 요금제 아주 만족스러워요.,5
REV00001491,telco 광주충장로,가격이 합리적이고 사은품도 좋았습니다.,5
REV00001492,텔코 대전둔산점,매장 직원이 친절했어요. 개통도 빨랐습니다.,4
REV00001493,텔코 대전둔산점,재방문 의사 있어요. 추천합니다.,2
REV00001494,텔코 대전둔산점,송시우 점장님이 추천해준 요금제 아주 만족스러워요.,3
REV00001495,텔코스토어 종로,송미경 점장님이 추천해준 요금제 아주 만족스러워요.,1
REV00001496,텔코플라자 부산서면,신정자 점장님이 추천해준 요금제 아주 만족스러워요.,2
REV00001497,텔코 대전둔산점,황현정 점장님이 추천해준 요금제 아주 만족스러워요.,1
REV00001498,텔코플라자 부산서면,대기 시간이 길었지만 처리는 깔끔했어요.,2
REV00001499,텔코강남점,가격이 합리적이고 사은품도 좋았습니다.,1
REV00001500,텔코 대전둔산점,재방문 의사 있어요. 추천합니다.,2
